"Restaurant_Item_Name","restaurant","Restaurant_ID","Item_Name","Item_Description","Food_Category","Serving_Size","Serving_Size_text","Serving_Size_Unit","Serving_Size_household","Calories","Total_Fat","Saturated_Fat","Trans_Fat","Cholesterol","Sodium","Potassium","Carbohydrates","Protein","Sugar","Dietary_Fiber","Calories_100g","Total_Fat_100g","Saturated_Fat_100g","Trans_Fat_100g","Cholesterol_100g","Sodium_100g","Potassium_100g","Carbohydrates_100g","Protein_100g","Sugar_100g","Dietary_Fiber_100g"
"Krispy Kreme Apple Fritter","Krispy Kreme",49,"Apple Fritter","Apple Fritter, Doughnuts","Baked Goods",100,"","g","",350,19,9,0,0,110,45,42,4,26,1,350,19,9,0,0,110,45,42,4,26,1
"Krispy Kreme Chocolate Iced Cake Doughnut","Krispy Kreme",49,"Chocolate Iced Cake Doughnut","Chocolate Iced Cake Doughnut, Doughnuts","Baked Goods",71,"","g","",280,13,5,0,25,310,35,37,3,19,NA,394,18,7,0,35,437,49,52,4,27,NA
"Krispy Kreme Chocolate Iced Custard Filled Doughnut","Krispy Kreme",49,"Chocolate Iced Custard Filled Doughnut","Chocolate Iced Custard Filled Doughnut, Doughnuts","Baked Goods",85,"","g","",300,15,7,0,0,140,50,37,4,17,1,353,18,8,0,0,165,59,44,5,20,1
"Krispy Kreme Chocolate Iced Glazed Doughnut","Krispy Kreme",49,"Chocolate Iced Glazed Doughnut","Chocolate Iced Glazed Doughnut, Doughnuts","Baked Goods",63,"","g","",240,11,5,0,0,90,35,33,3,20,NA,381,17,8,0,0,143,56,52,5,32,NA
"Krispy Kreme Chocolate Iced Glazed Cruller Doughnut","Krispy Kreme",49,"Chocolate Iced Glazed Cruller Doughnut","Chocolate Iced Glazed Cruller Doughnut, Doughnuts","Baked Goods",70,"","g","",260,10,4,0,20,270,20,40,3,26,NA,371,14,6,0,29,386,29,57,4,37,NA
"Krispy Kreme Football Doughnut","Krispy Kreme",49,"Football Doughnut","Football Doughnut, Doughnuts","Baked Goods",71,"","g","",310,16,7,0,0,140,NA,35,7,16,3,437,23,10,0,0,197,NA,49,10,23,4
"Krispy Kreme Chocolate Iced w/ Kreme Filling","Krispy Kreme",49,"Chocolate Iced w/ Kreme Filling","Chocolate Iced w/ Kreme Filling, Doughnuts","Baked Goods",85,"","g","",350,19,9,0,0,140,50,41,4,23,1,412,22,11,0,0,165,59,48,5,27,1
"Krispy Kreme Chocolate Iced Glazed Doughnut w/ Rainbow Sprinkles","Krispy Kreme",49,"Chocolate Iced Glazed Doughnut w/ Rainbow Sprinkles","Chocolate Iced Glazed Doughnut w/ Rainbow Sprinkles, also called Chocolate Iced w/ Sprinkles, Doughnuts","Baked Goods",66,"","g","",250,11,5,0,0,90,35,36,3,23,NA,379,17,8,0,0,136,53,55,5,35,NA
"Krispy Kreme Chocolate Iced Raspberry Filled Doughnut","Krispy Kreme",49,"Chocolate Iced Raspberry Filled Doughnut","Chocolate Iced Raspberry Filled Doughnut w/ Twirl of Red Icing, Doughnuts","Baked Goods",88,"","g","",310,15,7,0,0,140,50,41,4,22,1,352,17,8,0,0,159,57,47,5,25,1
"Krispy Kreme Cinnamon Apple Filled Doughnut","Krispy Kreme",49,"Cinnamon Apple Filled Doughnut","Cinnamon Apple Filled Doughnut, Doughnuts","Baked Goods",76,"","g","",270,14,7,0,0,135,50,31,4,11,1,355,18,9,0,0,178,66,41,5,14,1
"Krispy Kreme Glazed Cinnamon Bun Doughnut","Krispy Kreme",49,"Glazed Cinnamon Bun Doughnut","Glazed Cinnamon Bun Doughnut, Doughnuts","Baked Goods",66,"","g","",270,15,7,0,0,120,NA,29,4,13,1,409,23,11,0,0,182,NA,44,6,20,2
"Krispy Kreme Cinnamon Twist Doughnut","Krispy Kreme",49,"Cinnamon Twist Doughnut","Cinnamon Twist Doughnut, Doughnuts","Baked Goods",54,"","g","",210,11,5,0,0,90,40,26,3,13,NA,389,20,9,0,0,167,74,48,6,24,NA
"Krispy Kreme Glazed Blueberry Cake Doughnut Holes, 24 Count Box","Krispy Kreme",49,"Glazed Blueberry Cake Doughnut Holes, 24 Count Box","Glazed Blueberry Cake Doughnut Holes, 24 Count Box, Doughnuts","Baked Goods",51,"","g","4 Holes",190,7,3,0,15,220,15,28,2,17,0,373,14,6,0,29,431,29,55,4,33,0
"Krispy Kreme Glazed Traditional Cake Doughnut Holes, 10 Count","Krispy Kreme",49,"Glazed Traditional Cake Doughnut Holes, 10 Count","Glazed Traditional Cake Doughnut Holes, 10 Count, Doughnuts","Baked Goods",51,"","g","4 Holes",190,8,3,0,15,230,15,28,2,16,0,373,16,6,0,29,451,29,55,4,31,0
"Krispy Kreme Glazed Chocolate Cake Doughnut Holes, 10 Count","Krispy Kreme",49,"Glazed Chocolate Cake Doughnut Holes, 10 Count","Glazed Chocolate Cake Doughnut Holes, 10 Count, Doughnuts","Baked Goods",51,"","g","4 Holes",180,7,3,0,15,210,90,27,2,15,1,353,14,6,0,29,412,176,53,4,29,2
"Krispy Kreme Dulce de Leche Filled Doughnut","Krispy Kreme",49,"Dulce de Leche Filled Doughnut","Dulce de Leche Filled Doughnut Coated w/ Granulated Sugar, Doughnuts","Baked Goods",76,"","g","",300,16,8,0,0,150,50,35,4,17,NA,395,21,11,0,0,197,66,46,5,22,NA
"Krispy Kreme Double Chocolate Eclair Doughnut","Krispy Kreme",49,"Double Chocolate Eclair Doughnut","Double Chocolate Eclair Doughnut w/ Chocolate Kreme, Chocolate Icing & Chocolate Drizzle, Doughnuts","Baked Goods",100,"","g","",400,21,9,0,0,170,50,50,5,32,2,400,21,9,0,0,170,50,50,5,32,2
"Krispy Kreme Strawberry Shortcake Eclair Doughnut","Krispy Kreme",49,"Strawberry Shortcake Eclair Doughnut","Strawberry Shortcake Eclair Doughnut w/ Strawberries & Kreme Filling, White Icing & Pink Drizzle, Doughnuts","Baked Goods",100,"","g","",360,17,8,0,0,130,50,50,4,32,NA,360,17,8,0,0,130,50,50,4,32,NA
"Krispy Kreme Glazed Blueberry Cake","Krispy Kreme",49,"Glazed Blueberry Cake","Glazed Blueberry Cake, Doughnuts","Baked Goods",80,"","g","",370,24,10,0,20,210,NA,39,2,27,1,463,30,13,0,25,263,NA,49,3,34,1
"Krispy Kreme Glazed Chocolate Cake Doughnut","Krispy Kreme",49,"Glazed Chocolate Cake Doughnut","Glazed Chocolate Cake Doughnut, Doughnuts","Baked Goods",71,"","g","",250,10,4.5,0,20,210,115,38,3,24,1,352,14,6,0,28,296,162,54,4,34,1
"Krispy Kreme Glazed Cinnamon Doughnut","Krispy Kreme",49,"Glazed Cinnamon Doughnut","Glazed Cinnamon Doughnut w/ Powdered Cinnamon Sugar, Doughnuts","Baked Goods",56,"","g","",220,11,5,0,0,85,NA,29,3,17,NA,393,20,9,0,0,152,NA,52,5,30,NA
"Krispy Kreme Glazed Cruller Cake Doughnut","Krispy Kreme",49,"Glazed Cruller Cake Doughnut","Glazed Cruller Cake Doughnut, Doughnuts","Baked Goods",55,"","g","",210,10,4,0,20,270,20,29,3,15,NA,382,18,7,0,36,491,36,53,5,27,NA
"Krispy Kreme Glazed w/ Kreme Filling Doughnut","Krispy Kreme",49,"Glazed w/ Kreme Filling Doughnut","Glazed w/ Kreme Filling Doughnut, Doughnuts","Baked Goods",84,"","g","",340,19,9,0,0,140,50,40,4,22,NA,405,23,11,0,0,167,60,48,5,26,NA
"Krispy Kreme Glazed Lemon Filled Doughnut","Krispy Kreme",49,"Glazed Lemon Filled Doughnut","Glazed Lemon Filled Doughnut, Doughnuts","Baked Goods",84,"","g","",290,14,7,0,0,130,50,36,4,17,NA,345,17,8,0,0,155,60,43,5,20,NA
"Krispy Kreme Glazed Raspberry Filled Doughnut","Krispy Kreme",49,"Glazed Raspberry Filled Doughnut","Glazed Raspberry Filled Doughnut, Doughnuts","Baked Goods",84,"","g","",290,14,7,0,0,140,50,37,4,20,NA,345,17,8,0,0,167,60,44,5,24,NA
"Krispy Kreme Glazed Sour Cream Cake Doughnut","Krispy Kreme",49,"Glazed Sour Cream Cake Doughnut","Glazed Sour Cream Cake Doughnut, Doughnuts","Baked Goods",71,"","g","",270,11,4.5,0,20,230,25,40,3,26,NA,380,15,6,0,28,324,35,56,4,37,NA
"Krispy Kreme Maple Iced Glazed Doughnut","Krispy Kreme",49,"Maple Iced Glazed Doughnut","Maple Iced Glazed Doughnut, Doughnuts","Baked Goods",63,"","g","",240,11,5,0,0,85,35,34,3,21,NA,381,17,8,0,0,135,56,54,5,33,NA
"Krispy Kreme Mini Chocolate Iced Glazed Doughnut","Krispy Kreme",49,"Mini Chocolate Iced Glazed Doughnut","Mini Chocolate Iced Glazed Doughnut, Doughnuts","Baked Goods",66,"","g","2 Doughnuts",230,9,4,0,0,80,30,36,3,24,NA,348,14,6,0,0,121,45,55,5,36,NA
"Krispy Kreme Mini Chocolate Iced Glazed Doughnut w/ Rainbow Sprinkles","Krispy Kreme",49,"Mini Chocolate Iced Glazed Doughnut w/ Rainbow Sprinkles","Mini Chocolate Iced Glazed Doughnut w/ Rainbow Sprinkles, Doughnuts","Baked Goods",70,"","g","2 Doughnuts",250,9,4,0,0,80,30,40,3,27,NA,357,13,6,0,0,114,43,57,4,39,NA
"Krispy Kreme Mini Original Glazed Doughnut","Krispy Kreme",49,"Mini Original Glazed Doughnut","Mini Original Glazed Doughnut, Doughnuts","Baked Goods",70,"","g","3 Doughnuts",250,12,6,0,0,115,NA,30,4,14,NA,357,17,9,0,0,164,NA,43,6,20,NA
"Krispy Kreme Original Glazed Doughnut","Krispy Kreme",49,"Original Glazed Doughnut","Original Glazed Doughnut, Doughnuts","Baked Goods",49,"","g","",190,11,5,0,0,85,NA,22,3,10,NA,388,22,10,0,0,173,NA,45,6,20,NA
"Krispy Kreme Powdered Blueberry Filled","Krispy Kreme",49,"Powdered Blueberry Filled","Powdered Blueberry Filled, Doughnuts","Baked Goods",78,"","g","",330,22,10,0.5,0,150,NA,30,4,10,1,423,28,13,1,0,192,NA,38,5,13,1
"Krispy Kreme Powdered Cake Doughnut","Krispy Kreme",49,"Powdered Cake Doughnut","Powdered Cake Doughnut, Doughnuts","Baked Goods",61,"","g","",240,12,5,0,25,310,35,29,3,11,NA,393,20,8,0,41,508,57,48,5,18,NA
"Krispy Kreme Powdered Strawberry Filled Doughnut","Krispy Kreme",49,"Powdered Strawberry Filled Doughnut","Powdered Strawberry Filled Doughnut, Doughnuts","Baked Goods",76,"","g","",270,14,7,0,0,130,50,30,4,12,1,355,18,9,0,0,171,66,39,5,16,1
"Krispy Kreme Sugar Doughnut","Krispy Kreme",49,"Sugar Doughnut","Sugar Doughnut, Doughnuts","Baked Goods",45,"","g","",190,10,5,0,0,85,35,21,3,9,NA,422,22,11,0,0,189,78,47,7,20,NA
"Krispy Kreme Tennis Ball Doughnut","Krispy Kreme",49,"Tennis Ball Doughnut","Tennis Ball Doughnut, Doughnuts","Baked Goods",71,"","g","",330,18,8,0,0,140,NA,38,5,17,1,465,25,11,0,0,197,NA,54,7,24,1
"Krispy Kreme Traditional Cake Doughnut","Krispy Kreme",49,"Traditional Cake Doughnut","Traditional Cake Doughnut, Doughnuts","Baked Goods",57,"","g","",230,12,5,0,25,310,NA,26,3,8,NA,404,21,9,0,44,544,NA,46,5,14,NA
"Krispy Kreme Hot Chocolate w/ 2% Milk, 12 oz","Krispy Kreme",49,"Hot Chocolate w/ 2% Milk, 12 oz","Hot Chocolate w/ 2% Milk, Whipped Cream & Chocolate Drizzle, 12 oz, Drinks","Beverages",12,"","oz","",390,14,10,0,30,310,NA,57,12,48,2,115,4,3,0,9,91,NA,17,4,14,1
"Krispy Kreme Cappuccino w/ 2% Milk, 12 oz","Krispy Kreme",49,"Cappuccino w/ 2% Milk, 12 oz","Cappuccino w/ 2% Milk, 12 oz, Coffees","Beverages",12,"","oz","",120,5,3,0,20,120,NA,12,8,12,0,35,1,1,0,6,35,NA,4,2,4,0
"Krispy Kreme Cappuccino w/ 2% Milk, 16 oz","Krispy Kreme",49,"Cappuccino w/ 2% Milk, 16 oz","Cappuccino w/ 2% Milk, 16 oz, Coffees","Beverages",16,"","oz","",150,6,4,0,25,150,NA,15,10,15,0,33,1,1,0,6,33,NA,3,2,3,0
"Krispy Kreme Cappuccino w/ 2% Milk, 20 oz","Krispy Kreme",49,"Cappuccino w/ 2% Milk, 20 oz","Cappuccino w/ 2% Milk, 20 oz, Coffees","Beverages",20,"","oz","",180,7,4.5,0,30,180,NA,18,12,18,0,32,1,1,0,5,32,NA,3,2,3,0
"Krispy Kreme Cappuccino w/ Skim Milk, 12 oz","Krispy Kreme",49,"Cappuccino w/ Skim Milk, 12 oz","Cappuccino w/ Skim Milk, 12 oz, Coffees","Beverages",12,"","oz","",80,0,0,0,5,105,NA,12,8,12,0,24,0,0,0,1,31,NA,4,2,4,0
"Krispy Kreme Cappuccino w/ Skim Milk, 16 oz","Krispy Kreme",49,"Cappuccino w/ Skim Milk, 16 oz","Cappuccino w/ Skim Milk, 16 oz, Coffees","Beverages",16,"","oz","",110,0,0,0,5,135,NA,15,10,15,0,24,0,0,0,1,30,NA,3,2,3,0
"Krispy Kreme Cappuccino w/ Skim Milk, 20 oz","Krispy Kreme",49,"Cappuccino w/ Skim Milk, 20 oz","Cappuccino w/ Skim Milk, 20 oz, Coffees","Beverages",20,"","oz","",130,0,0,0,5,170,NA,18,12,18,0,23,0,0,0,1,30,NA,3,2,3,0
"Krispy Kreme Iced Latte w/ 2% Milk, 12 oz","Krispy Kreme",49,"Iced Latte w/ 2% Milk, 12 oz","Iced Latte w/ 2% Milk, 12 oz, Coffees","Beverages",12,"","oz","",90,3.5,2.5,0,15,90,NA,9,6,9,0,26,1,1,0,4,26,NA,3,2,3,0
"Krispy Kreme Iced Latte w/ 2% Milk, 16 oz","Krispy Kreme",49,"Iced Latte w/ 2% Milk, 16 oz","Iced Latte w/ 2% Milk, 16 oz, Coffees","Beverages",16,"","oz","",120,5,3,0,20,125,NA,12,8,12,0,26,1,1,0,4,28,NA,3,2,3,0
"Krispy Kreme Iced Latte w/ 2% Milk, 20 oz","Krispy Kreme",49,"Iced Latte w/ 2% Milk, 20 oz","Iced Latte w/ 2% Milk, 20 oz, Coffees","Beverages",20,"","oz","",150,6,4,0,25,160,NA,15,10,15,0,26,1,1,0,4,28,NA,3,2,3,0
"Krispy Kreme Iced Latte w/ Skim Milk, 12 oz","Krispy Kreme",49,"Iced Latte w/ Skim Milk, 12 oz","Iced Latte w/ Skim Milk, 12 oz, Coffees","Beverages",12,"","oz","",60,0,0,0,5,80,NA,9,6,9,0,18,0,0,0,1,24,NA,3,2,3,0
"Krispy Kreme Iced Latte w/ Skim Milk, 16 oz","Krispy Kreme",49,"Iced Latte w/ Skim Milk, 16 oz","Iced Latte w/ Skim Milk, 16 oz, Coffees","Beverages",16,"","oz","",80,0,0,0,5,110,NA,12,8,12,0,18,0,0,0,1,24,NA,3,2,3,0
"Krispy Kreme Iced Latte w/ Skim Milk, 20 oz","Krispy Kreme",49,"Iced Latte w/ Skim Milk, 20 oz","Iced Latte w/ Skim Milk, 20 oz, Coffees","Beverages",20,"","oz","",110,0,0,0,5,140,NA,15,10,15,0,19,0,0,0,1,25,NA,3,2,3,0
"Krispy Kreme Mocha Latte w/ 2% Milk, 12 oz","Krispy Kreme",49,"Mocha Latte w/ 2% Milk, 12 oz","Mocha Latte w/ 2% Milk, Whipped Cream & Chocolate Drizzle, 12 oz, Coffees","Beverages",12,"","oz","",300,9,6,0,30,180,NA,42,11,1,2,88,3,2,0,9,53,NA,12,3,0,1
"Krispy Kreme Mocha Latte w/2% Milk, 16 oz","Krispy Kreme",49,"Mocha Latte w/2% Milk, 16 oz","Mocha Latte w/ 2% Milk, Whipped Cream & Chocolate Drizzle, 16 oz, Coffees","Beverages",16,"","oz","",390,11,7,0,35,190,NA,64,12,58,3,86,2,2,0,8,42,NA,14,3,13,1
"Krispy Kreme Mocha Latte w/ 2% Milk, 20 oz","Krispy Kreme",49,"Mocha Latte w/ 2% Milk, 20 oz","Mocha Latte w/ 2% Milk, Whipped Cream & Chocolate Drizzle, 20 oz, Coffees","Beverages",20,"","oz","",480,12,8,0,40,230,NA,79,15,71,4,85,2,1,0,7,41,NA,14,3,13,1
"Krispy Kreme Mocha Latte w/ Skim Milk, 12 oz","Krispy Kreme",49,"Mocha Latte w/ Skim Milk, 12 oz","Mocha Latte w/ Skim Milk, Whipped Cream & Chocolate Drizzle, 12 oz, Coffees","Beverages",12,"","oz","",280,4.5,3,0,15,135,NA,51,10,46,2,82,1,1,0,4,40,NA,15,3,14,1
"Krispy Kreme Mocha Latte w/ Skim Milk, 16 oz","Krispy Kreme",49,"Mocha Latte w/ Skim Milk, 16 oz","Mocha Latte w/ Skim Milk, Whipped Cream & Chocolate Drizzle, 16 oz, Coffees","Beverages",16,"","oz","",350,5,3.5,0,20,170,NA,64,12,58,3,77,1,1,0,4,37,NA,14,3,13,1
"Krispy Kreme Mocha Latte w/ Skim Milk, 20 oz","Krispy Kreme",49,"Mocha Latte w/ Skim Milk, 20 oz","Mocha Latte w/ Skim Milk, Whipped Cream & Chocolate Drizzle, 20 oz, Coffees","Beverages",20,"","oz","",420,5,3.5,0,20,210,NA,80,15,72,4,74,1,1,0,4,37,NA,14,3,13,1
"Krispy Kreme Iced Mocha w/ 2% Milk, 12 oz","Krispy Kreme",49,"Iced Mocha w/ 2% Milk, 12 oz","Iced Mocha w/ 2% Milk, Whipped Cream & Chocolate Drizzle, 12 oz, Coffees","Beverages",12,"","oz","",290,8,5,0,25,115,NA,48,8,43,2,85,2,1,0,7,34,NA,14,2,13,1
"Krispy Kreme Iced Mocha w/ 2% Milk, 16 oz","Krispy Kreme",49,"Iced Mocha w/ 2% Milk, 16 oz","Iced Mocha w/ 2% Milk, Whipped Cream & Chocolate Drizzle, 16 oz, Coffees","Beverages",16,"","oz","",360,10,6,0,30,160,NA,61,10,55,3,79,2,1,0,7,35,NA,13,2,12,1
"Krispy Kreme Iced Mocha w/ 2% Milk, 20 oz","Krispy Kreme",49,"Iced Mocha w/ 2% Milk, 20 oz","Iced Mocha w/ 2% Milk, Whipped Cream & Chocolate Drizzle, 20 oz, Coffees","Beverages",20,"","oz","",450,11,7,0,35,200,NA,76,13,68,4,79,2,1,0,6,35,NA,13,2,12,1
"Krispy Kreme Iced Mocha w/ Skim Milk, 12 oz","Krispy Kreme",49,"Iced Mocha w/ Skim Milk, 12 oz","Iced Mocha w/ Skim Milk, Whipped Cream & Chocolate Drizzle, 12 oz, Coffees","Beverages",12,"","oz","",260,4.5,3,0,15,110,NA,48,8,43,2,76,1,1,0,4,32,NA,14,2,13,1
"Krispy Kreme Iced Mocha w/ Skim Milk, 16 oz","Krispy Kreme",49,"Iced Mocha w/ Skim Milk, 16 oz","Iced Mocha w/ Skim Milk, Whipped Cream & Chocolate Drizzle, 16 oz, Coffees","Beverages",16,"","oz","",330,5,3,0,15,140,NA,61,10,55,3,73,1,1,0,3,31,NA,13,2,12,1
"Krispy Kreme Iced Mocha w/ Skim Milk, 20 oz","Krispy Kreme",49,"Iced Mocha w/ Skim Milk, 20 oz","Iced Mocha w/ Skim Milk, Whipped Cream & Chocolate Drizzle, 20 oz, Coffees","Beverages",20,"","oz","",400,5,3.5,0,20,180,NA,77,13,69,4,71,1,1,0,4,32,NA,14,2,12,1
"Krispy Kreme Iced Caramel Latte w/ 2% Milk, 12 oz","Krispy Kreme",49,"Iced Caramel Latte w/ 2% Milk, 12 oz","Iced Caramel Latte w/ 2% Milk, Whipped Cream & Caramel Drizzle, 12 oz, Coffees","Beverages",12,"","oz","",310,7,6,0,25,150,NA,50,9,49,0,91,2,2,0,7,44,NA,15,3,14,0
"Krispy Kreme Iced Caramel Latte w/ 2% Milk, 16 oz","Krispy Kreme",49,"Iced Caramel Latte w/ 2% Milk, 16 oz","Iced Caramel Latte w/ 2% Milk, Whipped Cream & Caramel Drizzle, 16 oz, Coffees","Beverages",16,"","oz","",390,9,7,0,30,210,NA,63,12,63,0,86,2,2,0,7,46,NA,14,3,14,0
"Krispy Kreme Iced Caramel Latte w/ 2% Milk, 20 oz","Krispy Kreme",49,"Iced Caramel Latte w/ 2% Milk, 20 oz","Iced Caramel Latte w/ 2% Milk, Whipped Cream & Caramel Drizzle, 20 oz, Coffees","Beverages",20,"","oz","",470,10,9,0,35,260,NA,79,15,79,0,83,2,2,0,6,46,NA,14,3,14,0
"Krispy Kreme Iced Caramel Latte w/ Skim Milk, 12 oz","Krispy Kreme",49,"Iced Caramel Latte w/ Skim Milk, 12 oz","Iced Caramel Latte w/ Skim Milk, Whipped Cream & Caramel Drizzle, 12 oz, Coffees","Beverages",12,"","oz","",280,4,4,0,15,150,NA,50,9,50,0,82,1,1,0,4,44,NA,15,3,15,0
"Krispy Kreme Iced Caramel Latte w/ Skim Milk, 16 oz","Krispy Kreme",49,"Iced Caramel Latte w/ Skim Milk, 16 oz","Iced Caramel Latte w/ Skim Milk, Whipped Cream & Caramel Drizzle, 16 oz, Coffees","Beverages",16,"","oz","",350,4,4.5,0,20,190,NA,64,12,63,0,77,1,1,0,4,42,NA,14,3,14,0
"Krispy Kreme Iced Caramel Latte w/ Skim Milk, 20 oz","Krispy Kreme",49,"Iced Caramel Latte w/ Skim Milk, 20 oz","Iced Caramel Latte w/ Skim Milk, Whipped Cream & Caramel Drizzle, 20 oz, Coffees","Beverages",20,"","oz","",420,4,5,0,20,250,NA,80,15,79,0,74,1,1,0,4,44,NA,14,3,14,0
"Krispy Kreme Hazelnut Latte w/ 2% Milk, 12 oz","Krispy Kreme",49,"Hazelnut Latte w/ 2% Milk, 12 oz","Hazelnut Latte w/ 2% Milk, 12 oz, Coffees","Beverages",12,"","oz","",230,5,3,0,20,120,NA,37,8,36,0,68,1,1,0,6,35,NA,11,2,11,0
"Krispy Kreme Hazelnut Latte w/ 2% Milk, 16 oz","Krispy Kreme",49,"Hazelnut Latte w/ 2% Milk, 16 oz","Hazelnut Latte w/ 2% Milk, 16 oz, Coffees","Beverages",16,"","oz","",290,6,4,0,25,150,NA,49,10,47,0,64,1,1,0,6,33,NA,11,2,10,0
"Krispy Kreme Hazelnut Latte w/ 2% Milk, 20 oz","Krispy Kreme",49,"Hazelnut Latte w/ 2% Milk, 20 oz","Hazelnut Latte w/ 2% Milk, 20 oz, Coffees","Beverages",20,"","oz","",360,7,4.5,0,30,180,NA,60,12,58,0,63,1,1,0,5,32,NA,11,2,10,0
"Krispy Kreme Hazelnut Latte w/ Skim Milk, 12 oz","Krispy Kreme",49,"Hazelnut Latte w/ Skim Milk, 12 oz","Hazelnut Latte w/ Skim Milk, 12 oz, Coffees","Beverages",12,"","oz","",190,0,0,0,5,105,NA,38,8,36,0,56,0,0,0,1,31,NA,11,2,11,0
"Krispy Kreme Hazelnut Latte w/ Skim Milk, 16 oz","Krispy Kreme",49,"Hazelnut Latte w/ Skim Milk, 16 oz","Hazelnut Latte w/ Skim Milk, 16 oz, Coffees","Beverages",16,"","oz","",240,0,0,0,5,135,NA,49,10,48,0,53,0,0,0,1,30,NA,11,2,11,0
"Krispy Kreme Hazelnut Latte w/ Skim Milk, 20 oz","Krispy Kreme",49,"Hazelnut Latte w/ Skim Milk, 20 oz","Hazelnut Latte w/ Skim Milk, 20 oz, Coffees","Beverages",20,"","oz","",300,0,0,0,5,170,NA,61,12,59,0,53,0,0,0,1,30,NA,11,2,10,0
"Krispy Kreme Iced Hazelnut Latte w/ 2% Milk, 12 oz","Krispy Kreme",49,"Iced Hazelnut Latte w/ 2% Milk, 12 oz","Iced Hazelnut Latte w/ 2% Milk, 12 oz, Coffees","Beverages",12,"","oz","",200,3.5,2.5,0,15,90,NA,34,6,33,0,59,1,1,0,4,26,NA,10,2,10,0
"Krispy Kreme Iced Hazelnut Latte w/ 2% Milk, 16 oz","Krispy Kreme",49,"Iced Hazelnut Latte w/ 2% Milk, 16 oz","Iced Hazelnut Latte w/ 2% Milk, 16 oz, Coffees","Beverages",16,"","oz","",260,5,3,0,20,125,NA,46,8,44,0,57,1,1,0,4,28,NA,10,2,10,0
"Krispy Kreme Iced Hazelnut Latte w/ 2% Milk, 20 oz","Krispy Kreme",49,"Iced Hazelnut Latte w/ 2% Milk, 20 oz","Iced Hazelnut Latte w/ 2% Milk, 20 oz, Coffees","Beverages",20,"","oz","",330,6,4,0,25,160,NA,57,10,55,0,58,1,1,0,4,28,NA,10,2,10,0
"Krispy Kreme Iced Hazelnut Latte w/ Skim Milk, 12 oz","Krispy Kreme",49,"Iced Hazelnut Latte w/ Skim Milk, 12 oz","Iced Hazelnut Latte w/ Skim Milk, 12 oz, Coffees","Beverages",12,"","oz","",170,0,0,0,5,80,NA,35,6,33,0,50,0,0,0,1,24,NA,10,2,10,0
"Krispy Kreme Iced Hazelnut Latte w/ Skim Milk, 16 oz","Krispy Kreme",49,"Iced Hazelnut Latte w/ Skim Milk, 16 oz","Iced Hazelnut Latte w/ Skim Milk, 16 oz, Coffees","Beverages",16,"","oz","",220,0,0,0,5,110,NA,46,8,44,0,49,0,0,0,1,24,NA,10,2,10,0
"Krispy Kreme Iced Hazelnut Latte w/ Skim Milk, 20 oz","Krispy Kreme",49,"Iced Hazelnut Latte w/ Skim Milk, 20 oz","Iced Hazelnut Latte w/ Skim Milk, 20 oz, Coffees","Beverages",20,"","oz","",280,0,0,0,5,140,NA,58,10,56,0,49,0,0,0,1,25,NA,10,2,10,0
"Krispy Kreme Original Kreme Latte w/ 2% Milk, 12 oz","Krispy Kreme",49,"Original Kreme Latte w/ 2% Milk, 12 oz","Original Kreme Latte w/ 2% Milk, 12 oz, Coffees","Beverages",12,"","oz","",200,5,3,0,20,120,NA,31,8,31,0,59,1,1,0,6,35,NA,9,2,9,0
"Krispy Kreme Original Kreme Latte w/ 2% Milk, 16 oz","Krispy Kreme",49,"Original Kreme Latte w/ 2% Milk, 16 oz","Original Kreme Latte w/ 2% Milk, 16 oz, Coffees","Beverages",16,"","oz","",260,6,4,0,25,150,NA,41,10,41,0,57,1,1,0,6,33,NA,9,2,9,0
"Krispy Kreme Original Kreme Latte w/ 2% Milk, 20 oz","Krispy Kreme",49,"Original Kreme Latte w/ 2% Milk, 20 oz","Original Kreme Latte w/ 2% Milk, 20 oz, Coffees","Beverages",20,"","oz","",320,7,4.5,0,30,190,NA,50,12,50,0,56,1,1,0,5,34,NA,9,2,9,0
"Krispy Kreme Original Kreme Latte w/ Skim Milk, 12 oz","Krispy Kreme",49,"Original Kreme Latte w/ Skim Milk, 12 oz","Original Kreme Latte w/ Skim Milk, 12 oz, Coffees","Beverages",12,"","oz","",160,0,0,0,5,105,NA,32,8,32,0,47,0,0,0,1,31,NA,9,2,9,0
"Krispy Kreme Original Kreme Latte w/ Skim Milk, 16 oz","Krispy Kreme",49,"Original Kreme Latte w/ Skim Milk, 16 oz","Original Kreme Latte w/ Skim Milk, 16 oz, Coffees","Beverages",16,"","oz","",210,0,0,0,5,135,NA,41,10,41,0,46,0,0,0,1,30,NA,9,2,9,0
"Krispy Kreme Original Kreme Latte w/ Skim Milk, 20 oz","Krispy Kreme",49,"Original Kreme Latte w/ Skim Milk, 20 oz","Original Kreme Latte w/ Skim Milk, 20 oz, Coffees","Beverages",20,"","oz","",260,0,0,0,5,170,NA,51,12,51,0,46,0,0,0,1,30,NA,9,2,9,0
"Krispy Kreme Iced Original Kreme Latte w/ 2% Milk, 12 oz","Krispy Kreme",49,"Iced Original Kreme Latte w/ 2% Milk, 12 oz","Iced Original Kreme Latte w/ 2% Milk, 12 oz, Coffees","Beverages",12,"","oz","",170,3.5,2.5,0,15,90,NA,28,6,28,0,50,1,1,0,4,26,NA,8,2,8,0
"Krispy Kreme Iced Original Kreme Latte w/ 2% Milk, 16 oz","Krispy Kreme",49,"Iced Original Kreme Latte w/ 2% Milk, 16 oz","Iced Original Kreme Latte w/ 2% Milk, 16 oz, Coffees","Beverages",16,"","oz","",230,5,3,0,20,125,NA,38,8,38,0,51,1,1,0,4,28,NA,8,2,8,0
"Krispy Kreme Iced Original Kreme Latte w/ 2% Milk, 20 oz","Krispy Kreme",49,"Iced Original Kreme Latte w/ 2% Milk, 20 oz","Iced Original Kreme Latte w/ 2% Milk, 20 oz, Coffees","Beverages",20,"","oz","",290,6,4,0,25,160,NA,47,10,47,0,51,1,1,0,4,28,NA,8,2,8,0
"Krispy Kreme Iced Original Kreme Latte w/ Skim Milk, 12 oz","Krispy Kreme",49,"Iced Original Kreme Latte w/ Skim Milk, 12 oz","Iced Original Kreme Latte w/ Skim Milk, 12 oz, Coffees","Beverages",12,"","oz","",140,0,0,0,5,80,NA,29,6,29,0,41,0,0,0,1,24,NA,9,2,9,0
"Krispy Kreme Iced Original Kreme Latte w/ Skim Milk, 16 oz","Krispy Kreme",49,"Iced Original Kreme Latte w/ Skim Milk, 16 oz","Iced Original Kreme Latte w/ Skim Milk, 16 oz, Coffees","Beverages",16,"","oz","",190,0,0,0,5,110,NA,38,8,38,0,42,0,0,0,1,24,NA,8,2,8,0
"Krispy Kreme Iced Original Kreme Latte w/ Skim Milk, 20 oz","Krispy Kreme",49,"Iced Original Kreme Latte w/ Skim Milk, 20 oz","Iced Original Kreme Latte w/ Skim Milk, 20 oz, Coffees","Beverages",20,"","oz","",240,0,0,0,5,140,NA,48,10,48,0,42,0,0,0,1,25,NA,8,2,8,0
"Krispy Kreme Vanilla Latte w/ 2% Milk, 12 oz","Krispy Kreme",49,"Vanilla Latte w/ 2% Milk, 12 oz","Vanilla Latte w/ 2% Milk, 12 oz, Coffees","Beverages",12,"","oz","",230,5,3,0,20,120,NA,38,8,39,0,68,1,1,0,6,35,NA,11,2,11,0
"Krispy Kreme Vanilla Latte w/ 2% Milk, 16 oz","Krispy Kreme",49,"Vanilla Latte w/ 2% Milk, 16 oz","Vanilla Latte w/ 2% Milk, 16 oz, Coffees","Beverages",16,"","oz","",300,6,4,0,25,150,NA,50,10,50,0,66,1,1,0,6,33,NA,11,2,11,0
"Krispy Kreme Vanilla Latte w/ 2% Milk, 20 oz","Krispy Kreme",49,"Vanilla Latte w/ 2% Milk, 20 oz","Vanilla Latte w/ 2% Milk, 20 oz, Coffees","Beverages",20,"","oz","",370,7,4.5,0,30,180,NA,62,12,62,0,65,1,1,0,5,32,NA,11,2,11,0
"Krispy Kreme Vanilla Latte w/ Skim Milk, 12 oz","Krispy Kreme",49,"Vanilla Latte w/ Skim Milk, 12 oz","Vanilla Latte w/ Skim Milk, 12 oz, Coffees","Beverages",12,"","oz","",190,0,0,0,5,105,NA,39,8,39,0,56,0,0,0,1,31,NA,11,2,11,0
"Krispy Kreme Vanilla Latte w/ Skim Milk, 16 oz","Krispy Kreme",49,"Vanilla Latte w/ Skim Milk, 16 oz","Vanilla Latte w/ Skim Milk, 16 oz, Coffees","Beverages",16,"","oz","",250,0,0,0,5,135,NA,51,10,51,0,55,0,0,0,1,30,NA,11,2,11,0
"Krispy Kreme Vanilla Latte w/ Skim Milk, 20 oz","Krispy Kreme",49,"Vanilla Latte w/ Skim Milk, 20 oz","Vanilla Latte w/ Skim Milk, 20 oz, Coffees","Beverages",20,"","oz","",310,0,0,0,5,170,NA,63,12,63,0,55,0,0,0,1,30,NA,11,2,11,0
"Krispy Kreme Iced Vanilla Latte w/ 2% Milk, 12 oz","Krispy Kreme",49,"Iced Vanilla Latte w/ 2% Milk, 12 oz","Iced Vanilla Latte w/ 2% Milk, 12 oz, Coffees","Beverages",12,"","oz","",200,3.5,2.5,0,15,90,NA,35,6,36,0,59,1,1,0,4,26,NA,10,2,11,0
"Krispy Kreme Iced Vanilla Latte w/ 2% Milk, 16 oz","Krispy Kreme",49,"Iced Vanilla Latte w/ 2% Milk, 16 oz","Iced Vanilla Latte w/ 2% Milk, 16 oz, Coffees","Beverages",16,"","oz","",270,5,3,0,20,125,NA,47,8,47,0,60,1,1,0,4,28,NA,10,2,10,0
"Krispy Kreme Iced Vanilla Latte w/ 2% Milk, 20 oz","Krispy Kreme",49,"Iced Vanilla Latte w/ 2% Milk, 20 oz","Iced Vanilla Latte w/ 2% Milk, 20 oz, Coffees","Beverages",20,"","oz","",340,6,4,0,25,160,NA,59,10,59,0,60,1,1,0,4,28,NA,10,2,10,0
"Krispy Kreme Iced Vanilla Latte w/ Skim Milk, 12 oz","Krispy Kreme",49,"Iced Vanilla Latte w/ Skim Milk, 12 oz","Iced Vanilla Latte w/ Skim Milk, 12 oz, Coffees","Beverages",12,"","oz","",170,0,0,0,5,80,NA,36,6,36,0,50,0,0,0,1,24,NA,11,2,11,0
"Krispy Kreme Iced Vanilla Latte w/ Skim Milk, 16 oz","Krispy Kreme",49,"Iced Vanilla Latte w/ Skim Milk, 16 oz","Iced Vanilla Latte w/ Skim Milk, 16 oz, Coffees","Beverages",16,"","oz","",230,0,0,0,5,110,NA,48,8,48,0,51,0,0,0,1,24,NA,11,2,11,0
"Krispy Kreme Iced Vanilla Latte w/ Skim Milk, 20 oz","Krispy Kreme",49,"Iced Vanilla Latte w/ Skim Milk, 20 oz","Iced Vanilla Latte w/ Skim Milk, 20 oz, Coffees","Beverages",20,"","oz","",290,0,0,0,5,140,NA,60,10,60,0,51,0,0,0,1,25,NA,11,2,11,0
"Krispy Kreme Vanilla Iced Coffee, 12 oz","Krispy Kreme",49,"Vanilla Iced Coffee, 12 oz","Vanilla Iced Coffee, 12 oz, Coffees","Beverages",12,"","oz","",140,1.5,1,0,5,35,NA,30,2,30,0,41,0,0,0,1,10,NA,9,1,9,0
"Krispy Kreme Vanilla Iced Coffee, 16 oz","Krispy Kreme",49,"Vanilla Iced Coffee, 16 oz","Vanilla Iced Coffee, 16 oz, Coffees","Beverages",16,"","oz","",190,1.5,1,0,5,45,NA,39,3,40,0,42,0,0,0,1,10,NA,9,1,9,0
"Krispy Kreme Vanilla Iced Coffee, 20 oz","Krispy Kreme",49,"Vanilla Iced Coffee, 20 oz","Vanilla Iced Coffee, 20 oz, Coffees","Beverages",20,"","oz","",240,2,1.5,0,10,55,NA,49,4,50,0,42,0,0,0,2,10,NA,9,1,9,0
"Krispy Kreme Hazelnut Iced Coffee, 12 oz","Krispy Kreme",49,"Hazelnut Iced Coffee, 12 oz","Hazelnut Iced Coffee, 12 oz, Coffees","Beverages",12,"","oz","",140,1.5,1,0,5,35,NA,28,2,27,0,41,0,0,0,1,10,NA,8,1,8,0
"Krispy Kreme Hazelnut Iced Coffee, 16 oz","Krispy Kreme",49,"Hazelnut Iced Coffee, 16 oz","Hazelnut Iced Coffee, 16 oz, Coffees","Beverages",16,"","oz","",180,1.5,1,0,5,45,NA,38,3,36,0,40,0,0,0,1,10,NA,8,1,8,0
"Krispy Kreme Hazelnut Iced Coffee, 20 oz","Krispy Kreme",49,"Hazelnut Iced Coffee, 20 oz","Hazelnut Iced Coffee, 20 oz, Coffees","Beverages",20,"","oz","",230,2,1.5,0,10,55,NA,47,4,45,0,41,0,0,0,2,10,NA,8,1,8,0
"Krispy Kreme Chocolate Kool Kreme Cone","Krispy Kreme",49,"Chocolate Kool Kreme Cone","Chocolate Kool Kreme Cone, Kool Kreme","Desserts",182,"","g","",310,9,6,0,30,170,NA,52,9,34,2,170,5,3,0,16,93,NA,29,5,19,1
"Krispy Kreme Chocolate Vanilla Swirl Kool Kreme Cone","Krispy Kreme",49,"Chocolate Vanilla Swirl Kool Kreme Cone","Chocolate Vanilla Swirl Kool Kreme Cone, Kool Kreme","Desserts",182,"","g","",310,9,6,0,30,180,NA,51,8,34,1,170,5,3,0,16,99,NA,28,4,19,1
"Krispy Kreme Vanilla Kool Kreme Cone","Krispy Kreme",49,"Vanilla Kool Kreme Cone","Vanilla Kool Kreme Cone, Kool Kreme","Desserts",182,"","g","",300,8,5,0,30,180,NA,50,8,35,0,165,4,3,0,16,99,NA,27,4,19,0
"Krispy Kreme Iced Caramel Mocha w/ Skim Milk, 12 oz","Krispy Kreme",49,"Iced Caramel Mocha w/ Skim Milk, 12 oz","Iced Caramel Mocha w/ Skim Milk, Whipped Cream & Caramel Drizzle, 12 oz, Coffees; Choice of: Hot or Iced","Beverages",12,"","oz","",220,4,2.5,0,15,190,NA,38,6,38,0,65,1,1,0,4,56,NA,11,2,11,0
"Krispy Kreme Iced Caramel Mocha w/ Skim Milk, 16 oz","Krispy Kreme",49,"Iced Caramel Mocha w/ Skim Milk, 16 oz","Iced Caramel Mocha w/ Skim Milk, Whipped Cream & Caramel Drizzle, 16 oz, Coffees; Choice of: Hot or Iced","Beverages",16,"","oz","",290,4,2.5,0,15,260,NA,52,8,52,0,64,1,1,0,3,57,NA,11,2,11,0
"Krispy Kreme Iced Caramel Mocha w/ Skim Milk, 20 oz","Krispy Kreme",49,"Iced Caramel Mocha w/ Skim Milk, 20 oz","Iced Caramel Mocha w/ Skim Milk, Whipped Cream & Caramel Drizzle, 20 oz, Coffees; Choice Of: Hot or Iced","Beverages",20,"","oz","",360,4,2.5,0,20,340,NA,67,11,67,0,63,1,0,0,4,60,NA,12,2,12,0
"Krispy Kreme Iced Caramel Mocha w/ 2% Milk, 12 oz","Krispy Kreme",49,"Iced Caramel Mocha w/ 2% Milk, 12 oz","Iced Caramel Mocha w/ 2% Milk, Whipped Cream & Caramel Drizzle, 12 oz, Coffees; Choice of: Hot or Iced","Beverages",12,"","oz","",250,7,5,0,25,190,NA,37,6,37,0,73,2,1,0,7,56,NA,11,2,11,0
"Krispy Kreme Iced Caramel Mocha w/ 2% Milk, 16 oz","Krispy Kreme",49,"Iced Caramel Mocha w/ 2% Milk, 16 oz","Iced Caramel Mocha w/ 2% Milk, Whipped Cream & Caramel Drizzle, 16 oz, Coffees; Choice of: Hot or Iced","Beverages",16,"","oz","",330,9,6,0,30,280,NA,52,8,52,0,73,2,1,0,7,62,NA,11,2,11,0
"Krispy Kreme Iced Caramel Mocha w/ 2% Milk, 20 oz","Krispy Kreme",49,"Iced Caramel Mocha w/ 2% Milk, 20 oz","Iced Caramel Mocha w/ 2% Milk, Whipped Cream & Caramel Drizzle, 20 oz, Coffees; Choice of: Hot or Iced","Beverages",20,"","oz","",410,10,6,0,35,360,NA,67,10,67,0,72,2,1,0,6,63,NA,12,2,12,0
"Krispy Kreme Caramel Mocha w/ Skim Milk, 12 oz","Krispy Kreme",49,"Caramel Mocha w/ Skim Milk, 12 oz","Caramel Mocha w/ Skim Milk, Whipped Cream & Caramel Drizzle, 12 oz, Coffees; Choice of: Hot or Iced","Beverages",12,"","oz","",240,4,2.5,0,15,210,NA,40,8,40,0,71,1,1,0,4,62,NA,12,2,12,0
"Krispy Kreme Caramel Mocha w/ Skim Milk, 16 oz","Krispy Kreme",49,"Caramel Mocha w/ Skim Milk, 16 oz","Caramel Mocha w/ Skim Milk, Whipped Cream & Caramel Drizzle, 16 oz, Coffees; Choice of: Hot or Iced","Beverages",16,"","oz","",310,4,2.5,0,20,290,NA,55,11,55,0,68,1,1,0,4,64,NA,12,2,12,0
"Krispy Kreme Caramel Mocha w/ Skim Milk, 20 oz","Krispy Kreme",49,"Caramel Mocha w/ Skim Milk, 20 oz","Caramel Mocha w/ Skim Milk, Whipped Cream & Caramel Drizzle, 20 oz, Coffees; Choice of: Hot or Iced","Beverages",20,"","oz","",380,4,3,0,20,370,NA,70,13,70,0,67,1,1,0,4,65,NA,12,2,12,0
"Krispy Kreme Caramel Mocha w/ 2% Milk, 12 oz","Krispy Kreme",49,"Caramel Mocha w/ 2% Milk, 12 oz","Caramel Mocha w/ 2% Milk, Whipped Cream & Caramel Drizzle, 12 oz, Coffees; Choice of: Hot or Iced","Beverages",12,"","oz","",280,9,6,0,30,220,NA,40,8,40,0,82,3,2,0,9,65,NA,12,2,12,0
"Krispy Kreme Caramel Mocha w/ 2% Milk, 16 oz","Krispy Kreme",49,"Caramel Mocha w/ 2% Milk, 16 oz","Caramel Mocha w/ 2% Milk, Whipped Cream & Caramel Drizzle, 16 oz, Coffees; Choice of: Hot or Iced","Beverages",16,"","oz","",360,10,6,0,35,300,NA,55,10,55,0,79,2,1,0,8,66,NA,12,2,12,0
"Krispy Kreme Caramel Mocha w/ 2% Milk, 20 oz","Krispy Kreme",49,"Caramel Mocha w/ 2% Milk, 20 oz","Caramel Mocha w/ 2% Milk, Whipped Cream & Caramel Drizzle, 20 oz, Coffees; Choice of: Hot or Iced","Beverages",20,"","oz","",440,11,7,0,40,390,NA,70,12,70,0,78,2,1,0,7,69,NA,12,2,12,0
"Krispy Kreme Original Glazed Doughnut Holes, 24 Box","Krispy Kreme",49,"Original Glazed Doughnut Holes, 24 Box","Original Glazed Doughnut Holes, 24 Box, Doughnuts; Choice Of: Original Glazed, Powdered Cake, Chocolate Cake, Blueberry Cake & Plain Glazed Cake","Baked Goods",54,"","g","5 Holes",220,11,5,0,0,85,NA,25,3,14,NA,407,20,9,0,0,157,NA,46,6,26,NA
"Krispy Kreme Iced Original Kreme Coffee w/ 2% Milk, 12 oz","Krispy Kreme",49,"Iced Original Kreme Coffee w/ 2% Milk, 12 oz","Iced Original Kreme Coffee w/ 2% Milk, 12 oz, Coffees","Beverages",12,"","oz","",170,3.5,2.5,0,15,90,NA,28,6,28,0,50,1,1,0,4,26,NA,8,2,8,0
"Krispy Kreme Iced Original Kreme Coffee, 16 oz","Krispy Kreme",49,"Iced Original Kreme Coffee, 16 oz","Iced Original Kreme Coffee w/ 2% Milk, 16 oz, Coffees","Beverages",16,"","oz","",230,5,3,0,20,125,NA,38,8,38,0,51,1,1,0,4,28,NA,8,2,8,0
"Krispy Kreme Iced Original Kreme Coffee w/ 2% Milk, 20 oz","Krispy Kreme",49,"Iced Original Kreme Coffee w/ 2% Milk, 20 oz","Iced Original Kreme Coffee w/ 2% Milk, 20 oz, Coffees","Beverages",20,"","oz","",290,6,4,0,25,160,NA,47,10,47,0,51,1,1,0,4,28,NA,8,2,8,0
"Krispy Kreme Iced Original Kreme Coffee w/ Skim Milk, 20 oz","Krispy Kreme",49,"Iced Original Kreme Coffee w/ Skim Milk, 20 oz","Iced Original Kreme Coffee w/ Skim Milk, 20 oz, Coffees","Beverages",20,"","oz","",240,0,0,0,5,140,NA,48,10,48,0,42,0,0,0,1,25,NA,8,2,8,0
"Krispy Kreme Iced Original Kreme Coffee w/ Skim Milk, 16 oz","Krispy Kreme",49,"Iced Original Kreme Coffee w/ Skim Milk, 16 oz","Iced Original Kreme Coffee w/ Skim Milk, 16 oz, Coffees","Beverages",16,"","oz","",190,0,0,0,5,110,NA,38,8,38,0,42,0,0,0,1,24,NA,8,2,8,0
"Krispy Kreme Iced Original Kreme Coffee w/ Skim Milk, 12 oz","Krispy Kreme",49,"Iced Original Kreme Coffee w/ Skim Milk, 12 oz","Iced Original Kreme Coffee w/ Skim Milk, 12 oz, Coffees","Beverages",12,"","oz","",140,0,0,0,5,80,NA,29,6,29,0,41,0,0,0,1,24,NA,9,2,9,0
"Krispy Kreme Skinny Latte w/ Skim Milk, 12 oz","Krispy Kreme",49,"Skinny Latte w/ Skim Milk, 12 oz","Skinny Latte w/ Skim Milk, 12 oz, Coffees; Choice of: Sugar Free Vanilla Syrup or Sugar Free Caramel Syrup; Choice of: Hot or Cold","Beverages",12,"","oz","",80,0,0,0,5,105,NA,12,8,12,0,24,0,0,0,1,31,NA,4,2,4,0
"Krispy Kreme Skinny Latte w/ Skim Milk, 16 oz","Krispy Kreme",49,"Skinny Latte w/ Skim Milk, 16 oz","Skinny Latte w/ Skim Milk, 16 oz, Coffees; Choice of: Sugar Free Vanilla or Sugar Free Caramel Syrups; Choice of: Hot or Cold","Beverages",16,"","oz","",110,0,0,0,5,135,NA,15,10,15,0,24,0,0,0,1,30,NA,3,2,3,0
"Krispy Kreme Skinny Latte w/ Skim Milk, 20 oz","Krispy Kreme",49,"Skinny Latte w/ Skim Milk, 20 oz","Skinny Latte w/ Skim Milk, 20 oz, Coffees; Choice of: Sugar Free Vanilla or Sugar Free Caramel; Choice of: Hot or Cold","Beverages",20,"","oz","",130,0,0,0,5,170,NA,18,12,18,0,23,0,0,0,1,30,NA,3,2,3,0
"Krispy Kreme Skinny Sugar Free Caramel Latte w/ 2% Milk, 12 oz","Krispy Kreme",49,"Skinny Sugar Free Caramel Latte w/ 2% Milk, 12 oz","Skinny Sugar Free Caramel Latte w/ 2% Milk, 12 oz, Coffees","Beverages",12,"","oz","",200,7,3,0,25,170,NA,29,8,12,5,59,2,1,0,7,50,NA,9,2,4,1
"Krispy Kreme Skinny Sugar Free Caramel Latte w/ 2% Milk, 16 oz","Krispy Kreme",49,"Skinny Sugar Free Caramel Latte w/ 2% Milk, 16 oz","Skinny Sugar Free Caramel Latte w/ 2% Milk, 16 oz, Coffees","Beverages",16,"","oz","",260,9,4,0,30,230,NA,41,10,15,7,57,2,1,0,7,51,NA,9,2,3,2
"Krispy Kreme Skinny Sugar Free Caramel Latte w/ 2% Milk, 20 oz","Krispy Kreme",49,"Skinny Sugar Free Caramel Latte w/ 2% Milk, 20 oz","Skinny Sugar Free Caramel Latte w/ 2% Milk, 20 oz, Coffees","Beverages",20,"","oz","",330,11,4.5,0,40,290,NA,52,12,18,9,58,2,1,0,7,51,NA,9,2,3,2
"Krispy Kreme Skinny Sugar Free Caramel Latte w/ Skim Milk, 20 oz","Krispy Kreme",49,"Skinny Sugar Free Caramel Latte w/ Skim Milk, 20 oz","Skinny Sugar Free Caramel Latte w/ Skim Milk, 20 oz, Coffees","Beverages",20,"","oz","",270,4,0,0,15,280,NA,53,12,18,9,48,1,0,0,3,49,NA,9,2,3,2
"Krispy Kreme Skinny Sugar Free Caramel Latte w/ Skim Milk, 16 oz","Krispy Kreme",49,"Skinny Sugar Free Caramel Latte w/ Skim Milk, 16 oz","Skinny Sugar Free Caramel Latte w/ Skim Milk, 16 oz, Coffees","Beverages",16,"","oz","",210,3,0,0,15,220,NA,41,10,15,7,46,1,0,0,3,49,NA,9,2,3,2
"Krispy Kreme Skinny Sugar Free Caramel Latte w/ Skim Milk, 12 oz","Krispy Kreme",49,"Skinny Sugar Free Caramel Latte w/ Skim Milk, 12 oz","Skinny Sugar Free Caramel Latte w/ Skim Milk, 12 oz, Coffees","Beverages",12,"","oz","",160,2,0,0,10,160,NA,29,8,12,5,47,1,0,0,3,47,NA,9,2,4,1
"Krispy Kreme Skinny Sugar Free Vanilla Latte w/ 2% Milk, 12 oz","Krispy Kreme",49,"Skinny Sugar Free Vanilla Latte w/ 2% Milk, 12 oz","Skinny Sugar Free Vanilla Latte w/ 2% Milk, 12 oz, Coffees","Beverages",12,"","oz","",120,5,3,0,20,120,NA,15,8,12,0,35,1,1,0,6,35,NA,4,2,4,0
"Krispy Kreme Skinny Sugar Free Vanilla Latte w/ 2% Milk, 16 oz","Krispy Kreme",49,"Skinny Sugar Free Vanilla Latte w/ 2% Milk, 16 oz","Skinny Sugar Free Vanilla Latte w/ 2% Milk, 16 oz, Coffees","Beverages",16,"","oz","",150,6,4,0,25,150,NA,19,10,15,0,33,1,1,0,6,33,NA,4,2,3,0
"Krispy Kreme Skinny Sugar Free Vanilla Latte w/ 2% Milk, 20 oz","Krispy Kreme",49,"Skinny Sugar Free Vanilla Latte w/ 2% Milk, 20 oz","Skinny Sugar Free Vanilla Latte w/ 2% Milk, 20 oz, Coffees","Beverages",20,"","oz","",180,7,4.5,0,30,180,NA,23,12,18,0,32,1,1,0,5,32,NA,4,2,3,0
"Krispy Kreme Skinny Sugar Free Vanilla Latte w/ Skim Milk, 20 oz","Krispy Kreme",49,"Skinny Sugar Free Vanilla Latte w/ Skim Milk, 20 oz","Skinny Sugar Free Vanilla Latte w/ Skim Milk, 20 oz, Coffees","Beverages",20,"","oz","",130,0,0,0,5,170,NA,23,12,18,0,23,0,0,0,1,30,NA,4,2,3,0
"Krispy Kreme Skinny Sugar Free Vanilla Latte w/ Skim Milk, 16 oz","Krispy Kreme",49,"Skinny Sugar Free Vanilla Latte w/ Skim Milk, 16 oz","Skinny Sugar Free Vanilla Latte w/ Skim Milk, 16 oz, Coffees","Beverages",16,"","oz","",110,0,0,0,5,135,NA,19,10,15,0,24,0,0,0,1,30,NA,4,2,3,0
"Krispy Kreme Skinny Sugar Free Vanilla Latte w/ Skim Milk, 12 oz","Krispy Kreme",49,"Skinny Sugar Free Vanilla Latte w/ Skim Milk, 12 oz","Skinny Sugar Free Vanilla Latte w/ Skim Milk, 12 oz, Coffees","Beverages",12,"","oz","",80,0,0,0,5,105,NA,15,8,12,0,24,0,0,0,1,31,NA,4,2,4,0
"Krispy Kreme Iced Skinny Sugar Free Vanilla Latte w/ 2% Milk, 12 oz","Krispy Kreme",49,"Iced Skinny Sugar Free Vanilla Latte w/ 2% Milk, 12 oz","Iced Skinny Sugar Free Vanilla Latte w/ 2% Milk, 12 oz, Coffees","Beverages",12,"","oz","",90,3.5,2.5,0,15,90,NA,12,6,9,0,26,1,1,0,4,26,NA,4,2,3,0
"Krispy Kreme Iced Skinny Sugar Free Vanilla Latte w/ 2% Milk, 16 oz","Krispy Kreme",49,"Iced Skinny Sugar Free Vanilla Latte w/ 2% Milk, 16 oz","Iced Skinny Sugar Free Vanilla Latte w/ 2% Milk, 16 oz, Coffees","Beverages",16,"","oz","",120,5,3,0,20,125,NA,16,8,12,0,26,1,1,0,4,28,NA,4,2,3,0
"Krispy Kreme Iced Sugar Free Skinny Vanilla Latte w/ 2% Milk, 20 oz","Krispy Kreme",49,"Iced Sugar Free Skinny Vanilla Latte w/ 2% Milk, 20 oz","Iced Sugar Free Skinny Vanilla Latte w/ 2% Milk, 20 oz, Coffees","Beverages",20,"","oz","",150,6,4,0,25,160,NA,20,10,15,0,26,1,1,0,4,28,NA,4,2,3,0
"Krispy Kreme Iced Sugar Free Skinny Vanilla Latte w/ Skim Milk, 12 oz","Krispy Kreme",49,"Iced Sugar Free Skinny Vanilla Latte w/ Skim Milk, 12 oz","Iced Sugar Free Skinny Vanilla Latte w/ Skim Milk, 12 oz, Doughnuts","Beverages",12,"","oz","",60,0,0,0,5,80,NA,12,6,9,0,18,0,0,0,1,24,NA,4,2,3,0
"Krispy Kreme Iced Sugar Free Skinny Vanilla Latte w/ Skim Milk, 16 oz","Krispy Kreme",49,"Iced Sugar Free Skinny Vanilla Latte w/ Skim Milk, 16 oz","Iced Sugar Free Skinny Vanilla Latte w/ Skim Milk, 16 oz, Coffees","Beverages",16,"","oz","",80,0,0,0,5,110,NA,16,8,12,0,18,0,0,0,1,24,NA,4,2,3,0
"Krispy Kreme Iced Sugar Free Skinny Vanilla Latte w/ Skim Milk, 20 oz","Krispy Kreme",49,"Iced Sugar Free Skinny Vanilla Latte w/ Skim Milk, 20 oz","Iced Sugar Free Skinny Vanilla Latte w/ Skim Milk, 20 oz, Coffees","Beverages",20,"","oz","",110,0,0,0,5,140,NA,20,10,15,0,19,0,0,0,1,25,NA,4,2,3,0
"Krispy Kreme Iced Sugar Free Skinny Caramel Latte w/ 2% Milk, 12 oz","Krispy Kreme",49,"Iced Sugar Free Skinny Caramel Latte w/ 2% Milk, 12 oz","Iced Sugar Free Skinny Caramel Latte w/ 2% Milk, 12 oz, Coffees","Beverages",12,"","oz","",160,5,2.5,0,20,140,NA,26,6,9,5,47,1,1,0,6,41,NA,8,2,3,1
"Krispy Kreme Iced Sugar Free Skinny Caramel Latte w/ 2% Milk, 16 oz","Krispy Kreme",49,"Iced Sugar Free Skinny Caramel Latte w/ 2% Milk, 16 oz","Iced Sugar Free Skinny Caramel Latte w/ 2% Milk, 16 oz, Coffees","Beverages",16,"","oz","",230,8,3,0,25,200,NA,38,8,12,7,51,2,1,0,6,44,NA,8,2,3,2
"Krispy Kreme Iced Sugar Free Skinny Caramel Latte w/ 2% Milk, 20 oz","Krispy Kreme",49,"Iced Sugar Free Skinny Caramel Latte w/ 2% Milk, 20 oz","Iced Sugar Free Skinny Caramel Latte w/ 2% Milk, 20 oz, Coffees","Beverages",20,"","oz","",300,10,4,0,35,270,NA,49,10,15,9,53,2,1,0,6,48,NA,9,2,3,2
"Krispy Kreme Iced Sugar Free Skinny Caramel Latte w/ Skim Milk, 12 oz","Krispy Kreme",49,"Iced Sugar Free Skinny Caramel Latte w/ Skim Milk, 12 oz","Iced Sugar Free Skinny Caramel Latte w/ Skim Milk, 12 oz, Coffees","Beverages",12,"","oz","",140,2,0,0,10,135,NA,26,6,9,5,41,1,0,0,3,40,NA,8,2,3,1
"Krispy Kreme Iced Sugar Free Skinny Caramel Latte w/ Skim Milk, 16 oz","Krispy Kreme",49,"Iced Sugar Free Skinny Caramel Latte w/ Skim Milk, 16 oz","Iced Sugar Free Skinny Caramel Latte w/ Skim Milk, 16 oz, Coffees","Beverages",16,"","oz","",190,3,0,0,10,190,NA,38,8,12,7,42,1,0,0,2,42,NA,8,2,3,2
"Krispy Kreme Iced Sugar Free Skinny Caramel Latte w/ Skim Milk, 20 oz","Krispy Kreme",49,"Iced Sugar Free Skinny Caramel Latte w/ Skim Milk, 20 oz","Iced Sugar Free Skinny Caramel Latte w/ Skim Milk, 20 oz, Coffees","Beverages",20,"","oz","",250,4,0,0,15,250,NA,50,10,15,9,44,1,0,0,3,44,NA,9,2,3,2
"Krispy Kreme Chocolate Iced Coffee, 12 oz","Krispy Kreme",49,"Chocolate Iced Coffee, 12 oz","Chocolate Iced Coffee w/ Milk & Chocolate Syrup, 12 oz, Coffees; Choice of: Sweetener","Beverages",12,"","oz","",130,2,1,0,5,50,NA,26,3,23,2,38,1,0,0,1,15,NA,8,1,7,1
"Krispy Kreme Chocolate Iced Coffee, 16 oz","Krispy Kreme",49,"Chocolate Iced Coffee, 16 oz","Chocolate Iced Coffee w/ Milk & Chocolate Syrup, 16 oz, Coffees; Choice of: Sweetener","Beverages",16,"","oz","",200,2.5,1.5,0,5,70,NA,41,5,36,2,44,1,0,0,1,15,NA,9,1,8,0
"Krispy Kreme Chocolate Iced Coffee, 20 oz","Krispy Kreme",49,"Chocolate Iced Coffee, 20 oz","Chocolate Iced Coffee w/ Milk & Chocolate Syrup, 20 oz, Coffees; Choice of: Sweetener","Beverages",20,"","oz","",250,3,2,0,10,90,NA,51,6,45,3,44,1,0,0,2,16,NA,9,1,8,1
"Krispy Kreme Kool Kreme Original Glazed Doughnut Sundae","Krispy Kreme",49,"Kool Kreme Original Glazed Doughnut Sundae","Kool Kreme Original Glazed Doughnut Sundae, Kool Kreme; Choice of: Hot Fudge, Caramel, Butterscotch, Strawberry Sauce & Chocolate Syrup","Desserts",199,"","g","",450,17,9,0,20,220,NA,69,8,48,1,226,9,5,0,10,111,NA,35,4,24,1
"Krispy Kreme Cinnamon Sugar Doughnut","Krispy Kreme",49,"Cinnamon Sugar Doughnut","Cinnamon Sugar Doughnut, Doughnuts","Baked Goods",45,"","g","",190,10,5,0,0,85,35,21,3,9,NA,422,22,11,0,0,189,78,47,7,20,NA
"Krispy Kreme Fun Faces Collection, Cheeky,","Krispy Kreme",49,"Fun Faces Collection, Cheeky,","Fun Faces Collection, Cheeky w/ Kreme Filling, Yellow Icing & Chocolate Icing, Doughnut, Doughnuts","Baked Goods",88,"","g","",350,18,9,0,0,140,50,44,4,25,NA,398,20,10,0,0,159,57,50,5,28,NA
"Krispy Kreme Fun Faces Collection, Silly Smile","Krispy Kreme",49,"Fun Faces Collection, Silly Smile","Fun Faces Collection, Silly Smile w/ Kreme Filling, Yellow Icing & Chocolate Icing, Doughnut, Doughnuts","Baked Goods",88,"","g","",350,18,9,0,0,140,50,43,4,25,NA,398,20,10,0,0,159,57,49,5,28,NA
"Krispy Kreme Fun Faces Collection, Smirk","Krispy Kreme",49,"Fun Faces Collection, Smirk","Fun Faces Collection, Smirk w/ Kreme Filling, Yellow Icing & Chocolate Icing, Doughnut, Doughnuts","Baked Goods",87,"","g","",350,18,9,0,0,140,50,42,4,24,NA,402,21,10,0,0,161,57,48,5,28,NA
"Krispy Kreme Fun Faces Collection, Surprise","Krispy Kreme",49,"Fun Faces Collection, Surprise","Fun Faces Collection, Surprise w/ Kreme Filling, Yellow Icing & Chocolate Icing, Doughnut, Doughnuts","Baked Goods",88,"","g","",350,18,9,0,0,140,NA,43,4,24,NA,398,20,10,0,0,159,NA,49,5,27,NA
"Krispy Kreme White Iced Glazed Doughnut w/ Chocolate Drizzle","Krispy Kreme",49,"White Iced Glazed Doughnut w/ Chocolate Drizzle","White Iced Glazed Doughnut w/ Chocolate Drizzle, Doughnuts","Baked Goods",67,"","g","",250,11,5,0,0,75,NA,36,2,25,1,373,16,7,0,0,112,NA,54,3,37,1
"Krispy Kreme Fun Faces Collection, Winking Face","Krispy Kreme",49,"Fun Faces Collection, Winking Face","Fun Faces Collection, Winking Face w/ Kreme Filling, Yellow Icing & Chocolate Icing, Doughnut, Doughnuts","Baked Goods",87,"","g","",350,18,9,0,0,140,50,42,4,24,NA,402,21,10,0,0,161,57,48,5,28,NA
"Krispy Kreme Lemonade Chiller, 16 oz","Krispy Kreme",49,"Lemonade Chiller, 16 oz","Lemonade Chiller, also called Frozen Lemonade, 16 oz, Drinks","Beverages",16,"","oz","",330,0,0,0,0,20,NA,84,0,82,0,73,0,0,0,0,4,NA,19,0,18,0
"Krispy Kreme Frozen Vanilla Latte, 12 oz","Krispy Kreme",49,"Frozen Vanilla Latte, 12 oz","Frozen Vanilla Latte w/ Whipped Cream, 12 oz, Coffees","Beverages",12,"","oz","",350,9,6,0,35,10,NA,58,1,59,0,103,3,2,0,10,3,NA,17,0,17,0
"Krispy Kreme Frozen Vanilla Latte, 16 oz","Krispy Kreme",49,"Frozen Vanilla Latte, 16 oz","Frozen Vanilla Latte w/ Whipped Cream, 16 oz, Coffees","Beverages",16,"","oz","",420,10,7,0,35,10,NA,74,2,75,0,93,2,2,0,8,2,NA,16,0,17,0
"Krispy Kreme Frozen Vanilla Latte, 20 oz","Krispy Kreme",49,"Frozen Vanilla Latte, 20 oz","Frozen Vanilla Latte w/ Whipped Cream, 20 oz, Coffees","Beverages",20,"","oz","",500,11,7,0,40,15,NA,90,2,90,0,88,2,1,0,7,3,NA,16,0,16,0
"Krispy Kreme Frozen Mocha, 12 oz","Krispy Kreme",49,"Frozen Mocha, 12 oz","Frozen Mocha w/ Whipped Cream & Chocolate Drizzle, 12 oz, Coffees","Beverages",12,"","oz","",280,10,6,0,35,20,NA,42,2,42,1,82,3,2,0,10,6,NA,12,1,12,0
"Krispy Kreme Frozen Mocha, 16 oz","Krispy Kreme",49,"Frozen Mocha, 16 oz","Frozen Mocha w/ Whipped Cream & Chocolate Drizzle, 12 oz, Coffees","Beverages",16,"","oz","",360,11,7,0,35,30,NA,58,3,58,1,79,2,2,0,8,7,NA,13,1,13,0
"Krispy Kreme Frozen Mocha, 20 oz","Krispy Kreme",49,"Frozen Mocha, 20 oz","Frozen Mocha w/ Whipped Cream & Chocolate Drizzle, 20 oz, Coffees","Beverages",20,"","oz","",440,12,7,0,40,40,NA,73,3,73,2,78,2,1,0,7,7,NA,13,1,13,0
"Krispy Kreme Double Dark Chocolate Doughnut","Krispy Kreme",49,"Double Dark Chocolate Doughnut","Double Dark Chocolate Doughnut, Doughnuts","Baked Goods",93,"","g","",370,19,9,0,0,160,50,45,5,27,2,398,20,10,0,0,172,54,48,5,29,2
"Krispy Kreme Powdered Cinnamon Cake Doughnut","Krispy Kreme",49,"Powdered Cinnamon Cake Doughnut","Powdered Cinnamon Cake Doughnut, Doughnuts","Baked Goods",61,"","g","",250,16,6,0,25,340,NA,24,3,6,1,410,26,10,0,41,557,NA,39,5,10,2
"Krispy Kreme Powdered Lemon Kreme Filled Doughnut","Krispy Kreme",49,"Powdered Lemon Kreme Filled Doughnut","Powdered Lemon Kreme Filled Doughnut, Doughnuts","Baked Goods",76,"","g","",290,17,8,0,0,135,50,32,4,13,NA,382,22,11,0,0,178,66,42,5,17,NA
"Krispy Kreme Powdered w/ Strawberry Kreme Filling Doughnut","Krispy Kreme",49,"Powdered w/ Strawberry Kreme Filling Doughnut","Powdered w/ Strawberry Kreme Filling Doughnut, Doughnuts","Baked Goods",75,"","g","",340,20,8,0,0,160,NA,37,5,15,1,453,27,11,0,0,213,NA,49,7,20,1
"Krispy Kreme Strawberry Iced Glazed Doughnut","Krispy Kreme",49,"Strawberry Iced Glazed Doughnut","Strawberry Iced Glazed Doughnut, Doughnuts","Baked Goods",63,"","g","",240,11,5,0,0,100,35,33,3,21,NA,381,17,8,0,0,159,56,52,5,33,NA
"Krispy Kreme Frozen Caramel Latte, 12 oz","Krispy Kreme",49,"Frozen Caramel Latte, 12 oz","Frozen Caramel Latte w/ Whipped Cream & Caramel Drizzle, 12 oz, Coffees","Beverages",12,"","oz","",290,10,6,0,35,30,NA,43,2,41,0,85,3,2,0,10,9,NA,13,1,12,0
"Krispy Kreme Frozen Caramel Latte, 16 oz","Krispy Kreme",49,"Frozen Caramel Latte, 16 oz","Frozen Caramel Latte w/ Whipped Cream & Caramel Drizzle, 16 oz, Coffees","Beverages",16,"","oz","",370,11,7,0,40,55,NA,59,2,55,1,82,2,2,0,9,12,NA,13,0,12,0
"Krispy Kreme Frozen Caramel Latte, 20 oz","Krispy Kreme",49,"Frozen Caramel Latte, 20 oz","Frozen Caramel Latte w/ Whipped Cream & Caramel Drizzle, 20 oz, Coffees","Beverages",20,"","oz","",450,12,8,0,45,75,NA,76,3,70,1,79,2,1,0,8,13,NA,13,1,12,0
"Krispy Kreme Nutty Cocoa Ring","Krispy Kreme",49,"Nutty Cocoa Ring","Nutty Cocoa Ring w/ Nutella Hazelnut Spread, Crunchy Hazelnut Pieces & Chocolate Icing, Doughnuts","Baked Goods",60,"","g","",270,17,7,0,0,90,105,26,4,14,1,450,28,12,0,0,150,175,43,7,23,2
"Krispy Kreme Chocolate Hazelnut Kreme Filled Doughnut","Krispy Kreme",49,"Chocolate Hazelnut Kreme Filled Doughnut","Chocolate Hazelnut Kreme Filled Doughnut w/ Nutella, Candied Hazelnut Topping, Chocolate Icing & White Glossy Icing, Doughnuts","Baked Goods",89,"","g","",390,24,10,0,0,135,125,40,5,23,2,438,27,11,0,0,152,140,45,6,26,2
"Krispy Kreme Powdered w/ Chocolate Kreme Filling Doughnut","Krispy Kreme",49,"Powdered w/ Chocolate Kreme Filling Doughnut","Powdered w/ Chocolate Kreme Filling Doughnut, Doughnuts","Baked Goods",75,"","g","",340,20,8,0,0,160,NA,37,5,15,2,453,27,11,0,0,213,NA,49,7,20,3
"Krispy Kreme Strawberry Iced Glazed Doughnut w/ Sprinkles","Krispy Kreme",49,"Strawberry Iced Glazed Doughnut w/ Sprinkles","Strawberry Iced Glazed Doughnut w/ Sprinkles, Doughnuts","Baked Goods",66,"","g","",250,12,5,0,0,85,85,34,2,23,1,379,18,8,0,0,129,129,52,3,35,2
"Krispy Kreme New York Cheesecake","Krispy Kreme",49,"New York Cheesecake","New York Cheesecake w/ Cheesecake Filling, Cream Cheese Icing & Crunchy Graham, Doughnuts","Baked Goods",93,"","g","",310,17,9,0,10,180,NA,35,5,17,NA,333,18,10,0,11,194,NA,38,5,18,NA
"Krispy Kreme Latte w/ 2% Milk, 12 oz","Krispy Kreme",49,"Latte w/ 2% Milk, 12 oz","Latte w/ 2% Milk, 12 oz, Coffees","Beverages",12,"","oz","",120,5,3,0,20,120,NA,12,8,12,0,35,1,1,0,6,35,NA,4,2,4,0
"Krispy Kreme Latte w/ 2% Milk, 16 oz","Krispy Kreme",49,"Latte w/ 2% Milk, 16 oz","Latte w/ 2% Milk, 16 oz, Coffees","Beverages",16,"","oz","",150,6,4,0,25,150,NA,15,10,15,0,33,1,1,0,6,33,NA,3,2,3,0
"Krispy Kreme Latte w/ 2% Milk, 20 oz","Krispy Kreme",49,"Latte w/ 2% Milk, 20 oz","Latte w/ 2% Milk, 20 oz, Coffees","Beverages",20,"","oz","",180,7,4.5,0,30,180,NA,18,12,18,0,32,1,1,0,5,32,NA,3,2,3,0
"Krispy Kreme Latte w/ Skim Milk, 12 oz","Krispy Kreme",49,"Latte w/ Skim Milk, 12 oz","Latte w/ Skim Milk, 12 oz, Coffees","Beverages",12,"","oz","",80,0,0,0,5,105,NA,12,8,12,0,24,0,0,0,1,31,NA,4,2,4,0
"Krispy Kreme Latte w/ Skim Milk, 16 oz","Krispy Kreme",49,"Latte w/ Skim Milk, 16 oz","Latte w/ Skim Milk, 16 oz, Coffees","Beverages",16,"","oz","",110,0,0,0,5,135,NA,15,10,15,0,24,0,0,0,1,30,NA,3,2,3,0
"Krispy Kreme Latte w/ Skim Milk, 20 oz","Krispy Kreme",49,"Latte w/ Skim Milk, 20 oz","Latte w/ Skim Milk, 20 oz, Coffees","Beverages",20,"","oz","",130,0,0,0,5,170,NA,18,12,18,0,23,0,0,0,1,30,NA,3,2,3,0
"Krispy Kreme Caramel Latte w/ 2% Milk, 12 oz","Krispy Kreme",49,"Caramel Latte w/ 2% Milk, 12 oz","Caramel Latte w/ 2% Milk, Whipped Cream & Caramel Drizzle, 12 oz, Coffees","Beverages",12,"","oz","",340,9,7,0,30,180,NA,53,11,52,0,100,3,2,0,9,53,NA,16,3,15,0
"Krispy Kreme Caramel Latte w/ 2% Milk, 16 oz","Krispy Kreme",49,"Caramel Latte w/ 2% Milk, 16 oz","Caramel Latte w/ 2% Milk, Whipped Cream & Caramel Drizzle, 16 oz, Coffees","Beverages",16,"","oz","",420,10,8,0,35,230,NA,66,14,66,0,93,2,2,0,8,51,NA,15,3,15,0
"Krispy Kreme Caramel Latte w/ 2% Milk, 20 oz","Krispy Kreme",49,"Caramel Latte w/ 2% Milk, 20 oz","Caramel Latte w/ 2% Milk, Whipped Cream & Caramel Drizzle, 20 oz, Coffees","Beverages",20,"","oz","",500,11,9,0,40,290,NA,82,17,82,0,88,2,2,0,7,51,NA,14,3,14,0
"Krispy Kreme Caramel Latte w/ Skim Milk, 12 oz","Krispy Kreme",49,"Caramel Latte w/ Skim Milk, 12 oz","Caramel Latte w/ Skim Milk, Whipped Cream & Caramel Drizzle, 12 oz, Coffees","Beverages",12,"","oz","",300,4,4,0,15,170,NA,53,11,53,0,88,1,1,0,4,50,NA,16,3,16,0
"Krispy Kreme Caramel Latte w/ Skim Milk, 16 oz","Krispy Kreme",49,"Caramel Latte w/ Skim Milk, 16 oz","Caramel Latte w/ Skim Milk, Whipped Cream & Caramel Drizzle, 16 oz, Coffees","Beverages",16,"","oz","",370,4,4.5,0,20,220,NA,67,14,66,0,82,1,1,0,4,49,NA,15,3,15,0
"Krispy Kreme Caramel Latte w/ Skim Milk, 20 oz","Krispy Kreme",49,"Caramel Latte w/ Skim Milk, 20 oz","Caramel Latte w/ Skim Milk, Whipped Cream & Caramel Drizzle, 20 oz, Coffees","Beverages",20,"","oz","",450,4.5,5,0,20,270,NA,83,17,82,0,79,1,1,0,4,48,NA,15,3,14,0
"Krispy Kreme Jolly Rancher Blue Raspberry Chiller, 12 oz","Krispy Kreme",49,"Jolly Rancher Blue Raspberry Chiller, 12 oz","Jolly Rancher Blue Raspberry Chiller, 12 oz, Drinks","Beverages",12,"","oz","",130,0,0,0,0,15,NA,33,0,32,0,38,0,0,0,0,4,NA,10,0,9,0
"Krispy Kreme Jolly Rancher Blue Raspberry Chiller, 16 oz","Krispy Kreme",49,"Jolly Rancher Blue Raspberry Chiller, 16 oz","Jolly Rancher Blue Raspberry Chiller, 16 oz, Drinks","Beverages",16,"","oz","",170,0,0,0,0,25,NA,44,0,43,0,37,0,0,0,0,6,NA,10,0,9,0
"Krispy Kreme Jolly Rancher Blue Raspberry Chiller, 20 oz","Krispy Kreme",49,"Jolly Rancher Blue Raspberry Chiller, 20 oz","Jolly Rancher Blue Raspberry Chiller, 20 oz, Drinks","Beverages",20,"","oz","",220,0,0,0,0,30,NA,56,0,54,0,39,0,0,0,0,5,NA,10,0,10,0
