"gender","age","income","monthssubbed","plan","meanhourswatched","competitorsub","numprofiles","cancelled","downgraded","bundle","kids","longestsession","topgenre","secondgenre"
"woman",25,73.51,27,"B",22.22,1,2,1,0,1,0,263.62,"Action","Drama"
"woman",62,71.17,70,"P",17.54,1,3,0,0,0,0,218.19,"RomanticComedy","Thriller"
"nonbinary",70,86.25,39,"A",3.34,1,3,0,0,0,1,36.4,"Documentary","ScienceFiction"
"nonbinary",25,70.3,48,"B",7.57,0,4,1,0,1,0,72.49,"Drama","Comedy"
"woman",47,75.81,44,"B",5.9,0,5,1,0,0,1,72.99,"Documentary","Comedy"
"man",36,87.47,32,"B",8.44,1,2,1,0,1,0,78.27,"Comedy","Action"
"woman",31,64.13,46,"B",39.76,1,2,1,1,0,1,263.24,"Horror","Comedy"
"woman",38,54.42,43,"B",2.74,1,7,0,0,0,0,29.74,"Thriller","Comedy"
"woman",58,74.78,48,"P",22.35,1,2,1,0,0,1,342.31,"Comedy","Thriller"
"woman",71,72.99,40,"B",9.78,1,3,0,0,1,0,148.23,"Horror","RomanticComedy"
"woman",27,66.97,53,"B",14.02,0,2,1,0,0,0,456.15,"Documentary","Thriller"
"woman",68,74.36,55,"P",9.54,0,4,0,1,0,1,30.24,"ScienceFiction","Comedy"
"woman",23,58.27,70,"A",34.5,1,7,0,0,0,0,511.9,"Action","Comedy"
"woman",64,62.43,21,"P",22.31,1,2,1,0,0,1,87.52,"Drama","Thriller"
"woman",41,52.54,48,"P",1.59,0,2,0,0,1,1,30.8,"Comedy","ScienceFiction"
"woman",38,80.98,24,"A",5.41,1,3,0,0,0,0,191.46,"Comedy","Drama"
"woman",40,58.53,16,"B",3.65,0,2,0,0,0,1,47.61,"Comedy","RomanticComedy"
"man",29,81.22,10,"A",67.97,1,2,1,0,0,1,284.59,"Thriller","Comedy"
"woman",57,62.81,51,"B",4.35,1,2,0,1,0,1,43.01,"Drama","Thriller"
"man",20,58.79,46,"A",28.39,0,2,1,0,0,1,359.06,"Comedy","Horror"
"woman",44,51.76,64,"B",26.99,0,3,0,0,0,0,107.96,"Thriller","Comedy"
"nonbinary",62,81.56,57,"P",7.54,1,2,1,0,0,1,225.6,"Horror","Thriller"
"man",38,79.8,32,"B",25.82,1,3,1,0,0,0,638.88,"RomanticComedy","Thriller"
"man",36,88.09,24,"P",3.22,0,2,1,0,1,1,222.27,"Thriller","Comedy"
"woman",33,91.69,40,"B",15.99,0,3,0,0,1,1,99.68,"Action","ScienceFiction"
"other",32,89.61,60,"P",4.15,0,2,1,0,0,1,41.61,"Horror","ScienceFiction"
"woman",58,55.65,29,"B",11.81,1,3,1,1,0,0,780.98,"Horror","Comedy"
"woman",69,76.18,61,"A",46.13,1,6,1,1,1,1,292.51,"Horror","Documentary"
"woman",65,61.15,8,"A",112.7,1,1,0,0,0,0,8.48,"ScienceFiction","Thriller"
"woman",38,66.37,31,"B",20.49,1,5,0,0,0,0,173.09,"Documentary","Action"
"woman",64,64.81,72,"P",17.65,0,6,1,0,0,0,40.53,"Comedy","Drama"
"woman",51,65.51,35,"B",8.47,0,2,1,0,0,1,210,"Thriller","ScienceFiction"
"man",54,48.93,7,"B",1.67,1,3,0,0,1,0,205.17,"ScienceFiction","Drama"
"woman",53,62.31,25,"A",46.09,0,2,1,0,0,1,95.54,"Thriller","Comedy"
"woman",52,62.22,17,"B",4.08,1,2,0,1,0,1,78.62,"Thriller","Comedy"
"woman",43,57.95,29,"B",75.23,0,2,1,0,0,1,302.07,"Horror","Thriller"
"woman",40,67.12,74,"P",6.87,1,3,0,0,1,0,47.77,"Comedy","ScienceFiction"
"woman",64,74.3,58,"B",7.34,1,2,1,1,0,1,28.39,"Horror","RomanticComedy"
"woman",70,42.98,29,"B",106.81,1,7,1,1,0,1,97.57,"RomanticComedy","Documentary"
"man",45,80.05,63,"B",28.1,1,5,0,0,0,0,82.2,"Thriller","Comedy"
"woman",66,49.52,27,"B",4.13,1,1,0,1,0,0,71.24,"RomanticComedy","Drama"
"other",50,88.67,37,"B",44.23,1,2,0,0,0,1,23.43,"ScienceFiction","Thriller"
"woman",26,57.69,6,"B",22.3,0,3,1,0,0,0,122.39,"Comedy","Thriller"
"woman",62,66.41,25,"P",9.73,0,6,1,0,0,1,99.31,"Thriller","ScienceFiction"
"man",53,76.94,32,"B",15.71,1,1,1,0,0,0,243.92,"Comedy","Documentary"
"nonbinary",68,83.95,63,"B",18.15,1,5,0,0,0,1,253.2,"Thriller","Action"
"woman",46,81.76,38,"B",101.98,1,2,1,1,0,1,922.43,"ScienceFiction","Comedy"
"woman",38,62.85,44,"B",13.57,0,2,1,1,0,1,37.87,"Thriller","ScienceFiction"
"woman",22,53.02,50,"B",23.9,1,2,0,0,0,1,124.11,"Comedy","Thriller"
"woman",62,62.5,24,"B",17.02,1,1,1,1,1,1,205.44,"RomanticComedy","Comedy"
"man",50,73.82,21,"B",19.38,0,2,0,0,0,1,267.21,"Thriller","Comedy"
"woman",37,96.26,42,"A",62.56,0,2,1,0,0,0,69,"ScienceFiction","Comedy"
"woman",21,86.92,36,"B",91.11,1,3,0,0,0,1,82.24,"RomanticComedy","Thriller"
"woman",23,63.31,32,"A",33.54,1,2,0,0,0,0,49.96,"Drama","Action"
"woman",32,59.83,48,"B",6.63,1,2,0,1,0,0,194.69,"Drama","Thriller"
"woman",18,82.68,42,"A",219.49,1,2,0,0,0,1,86.9,"ScienceFiction","Comedy"
"woman",24,45.05,33,"B",32.02,1,2,1,1,0,1,76.21,"Comedy","RomanticComedy"
"woman",70,85.44,53,"B",75.88,0,2,1,0,1,0,25.45,"Horror","Thriller"
"woman",31,61.05,36,"B",70.65,1,2,1,0,1,1,79.71,"Thriller","ScienceFiction"
"woman",19,88.69,16,"A",51.74,0,2,1,0,0,0,46.31,"Drama","Comedy"
"woman",37,43.72,35,"B",23.4,1,2,1,1,0,0,126.14,"Comedy","Thriller"
"woman",47,83.11,46,"B",33.75,0,2,0,0,0,1,47.4,"ScienceFiction","Comedy"
"woman",47,92.23,9,"B",23.58,0,1,1,0,0,1,99.63,"Thriller","Comedy"
"woman",47,55.57,39,"B",15.38,1,6,0,0,1,1,61.67,"Comedy","Action"
"woman",40,61.68,39,"A",18.8,0,2,1,0,1,0,63.5,"Comedy","Documentary"
"man",44,56.81,28,"B",34.18,0,2,1,1,0,1,94.8,"RomanticComedy","Thriller"
"man",20,74.26,32,"B",21.12,1,6,0,0,0,1,168.47,"ScienceFiction","Drama"
"woman",19,59.3,17,"B",26.1,0,2,0,0,0,1,171.9,"Comedy","Documentary"
"woman",35,53.54,34,"B",15.66,1,2,1,0,1,1,140.76,"Comedy","Thriller"
"woman",54,75.52,28,"A",2.3,0,2,0,0,0,0,204.55,"Horror","ScienceFiction"
"woman",18,NA,41,"B",31.97,1,1,1,0,0,1,46.68,"Horror","Thriller"
"woman",24,45.08,40,"P",33.24,0,7,0,0,0,0,157.41,"RomanticComedy","Action"
"woman",27,70.4,50,"B",14.73,1,8,0,0,1,0,21.47,"Comedy","Thriller"
"woman",33,68.43,46,"B",8.96,0,2,0,0,0,0,102.52,"ScienceFiction","Thriller"
"man",38,68.4,20,"P",3.38,1,3,0,0,1,1,63.64,"Thriller","Horror"
"man",56,81.4,48,"B",26.51,0,1,0,1,0,1,83.83,"RomanticComedy","Comedy"
"woman",55,46.63,46,"B",2.37,1,2,0,0,0,1,18.87,"Comedy","Drama"
"man",64,61.22,48,"B",11.78,1,2,0,0,0,1,58.67,"Documentary","Comedy"
"woman",54,77.55,41,"P",89.97,1,2,0,0,1,1,161.3,"RomanticComedy","ScienceFiction"
"woman",48,45.37,76,"A",11.83,0,2,0,1,0,0,249.97,"Comedy","Thriller"
"woman",46,65.7,47,"P",6.4,1,3,1,0,0,0,436.5,"ScienceFiction","RomanticComedy"
"man",35,86.04,48,"B",22.1,0,2,1,1,0,1,96.88,"Drama","RomanticComedy"
"woman",65,71.99,16,"B",60.93,1,2,1,1,0,0,53.61,"Comedy","Horror"
"woman",35,77.79,34,"B",6.6,0,6,0,0,0,0,43.71,"Action","Comedy"
"woman",21,57.85,42,"B",24.2,1,2,0,0,1,1,130.72,"RomanticComedy","Comedy"
"woman",34,74.32,51,"B",23.97,1,2,0,0,1,1,60.99,"Horror","Thriller"
"woman",41,62.36,52,"A",14.34,0,1,0,0,1,0,49.22,"Documentary","Drama"
"man",38,75.4,31,"A",58.33,1,1,0,1,1,0,21.63,"Horror","Documentary"
"other",68,61.17,32,"B",9.45,1,3,1,0,0,1,74.05,"Horror","ScienceFiction"
"woman",33,76.87,38,"B",15.03,0,1,0,0,0,0,99.62,"Horror","Comedy"
"woman",45,65.28,36,"B",23.71,1,1,1,0,0,1,142.44,"ScienceFiction","Drama"
"woman",62,52.26,37,"B",13.69,1,8,1,0,0,0,200.69,"RomanticComedy","Comedy"
"woman",53,97.49,54,"B",22.75,0,1,0,0,1,1,179.43,"ScienceFiction","Thriller"
"woman",38,66.66,1,"P",113.42,1,2,0,1,0,0,372.89,"Horror","ScienceFiction"
"woman",41,55.39,67,"A",3.77,1,3,1,1,0,0,86.77,"Comedy","Thriller"
"man",47,81.38,47,"A",44.35,0,2,0,0,1,1,209.91,"Thriller","Comedy"
"woman",30,79.51,46,"B",3.68,1,2,1,0,0,0,40.22,"Drama","Thriller"
"woman",65,81.03,46,"B",1.68,0,2,0,0,1,0,399.49,"RomanticComedy","ScienceFiction"
"woman",70,63.76,41,"B",123.21,0,2,1,0,1,1,130.12,"ScienceFiction","RomanticComedy"
"woman",20,72.43,29,"P",10.74,1,7,0,0,0,0,53.33,"Comedy","RomanticComedy"
"woman",45,88.96,43,"B",21.69,0,2,0,0,0,1,99.26,"Horror","Documentary"
"man",32,79.16,28,"B",14.36,1,8,0,0,0,1,404.02,"Drama","Thriller"
"man",39,70.24,39,"B",11.54,1,2,0,0,0,1,219.86,"RomanticComedy","Comedy"
"woman",33,95.09,36,"A",14.07,0,3,0,0,1,0,51.16,"Comedy","Thriller"
"woman",39,52.25,21,"B",29.91,1,1,1,0,0,0,70.09,"Thriller","Documentary"
"man",32,74.6,32,"A",33.95,1,2,0,0,1,1,74.74,"Documentary","Thriller"
"man",27,82.23,60,"B",17.92,1,2,0,0,1,0,238.64,"Comedy","Thriller"
"other",51,78.4,28,"B",300,0,2,0,0,0,0,119.25,"Comedy","Drama"
"man",59,40.4,42,"A",11.05,0,6,1,0,0,1,23.98,"ScienceFiction","Thriller"
"woman",42,47.42,55,"A",8.95,1,4,1,0,0,1,121.92,"Thriller","Action"
"woman",44,54.13,44,"P",27.73,0,1,0,1,0,0,206.08,"Comedy","Action"
"woman",53,80.5,43,"A",13.93,1,2,0,0,0,1,24.51,"Comedy","Thriller"
"man",NA,45.85,42,"B",65.4,1,2,1,0,1,0,137.91,"RomanticComedy","Documentary"
"woman",63,69.72,50,"B",42.32,1,2,1,0,0,0,22.89,"Thriller","RomanticComedy"
"woman",23,82.65,46,"B",33.13,0,6,0,0,0,1,311.3,"Thriller","Comedy"
"man",32,64.24,58,"B",51.44,1,1,0,0,0,1,329.75,"Thriller","Comedy"
"man",23,74.37,79,"B",8.78,1,2,0,0,0,0,187.95,"Comedy","Drama"
"woman",51,66.82,33,"P",300,1,1,0,0,0,1,210.53,"Thriller","Comedy"
"man",62,82.87,66,"B",44.25,1,1,1,0,0,0,296.48,"Comedy","Action"
"nonbinary",49,57.98,54,"B",15.75,1,2,1,0,0,1,42.24,"Comedy","Thriller"
"man",40,61.33,42,"B",23.1,1,3,0,0,0,0,28.98,"Drama","Comedy"
"other",32,81.47,50,"A",46.07,0,2,0,0,0,1,345.02,"ScienceFiction","Action"
"woman",68,73.86,49,"P",41.11,1,2,0,0,0,0,77.18,"Thriller","RomanticComedy"
"woman",24,70.63,57,"A",23.32,1,3,0,0,0,0,152.72,"Horror","Thriller"
"woman",60,42.63,67,"B",5.76,0,4,0,0,1,1,189.43,"Comedy","Thriller"
"woman",71,60.6,35,"A",27.34,0,2,0,0,0,0,287.49,"Thriller","Drama"
"man",54,92.56,61,"P",33.54,1,5,0,0,1,0,82.75,"Thriller","RomanticComedy"
"nonbinary",35,49.75,41,"A",12.41,1,3,0,0,0,0,454,"Horror","Comedy"
"woman",46,67.07,48,"A",13.77,0,5,1,1,1,1,53.54,"Comedy","RomanticComedy"
"nonbinary",57,68.4,16,"A",201.04,1,3,1,0,0,1,198.94,"Horror","RomanticComedy"
"woman",26,85.84,1,"B",27.51,1,3,0,0,0,1,115.03,"Horror","Thriller"
"nonbinary",58,57.8,31,"B",19.75,0,7,0,1,1,0,683.18,"Comedy","ScienceFiction"
"woman",34,84.85,53,"B",0.69,0,2,1,0,1,1,273.25,"Drama","ScienceFiction"
"man",25,53.51,24,"B",12.8,1,2,0,1,1,1,23.08,"Horror","Thriller"
"man",64,66.92,15,"B",12.58,1,1,0,0,1,0,183.24,"Thriller","ScienceFiction"
"woman",54,67.27,36,"B",99.05,1,2,1,0,1,1,717.44,"Comedy","Drama"
"man",58,85.31,54,"A",52.11,0,3,0,0,1,0,93.86,"Comedy","Drama"
"woman",18,68.48,35,"B",27.85,0,2,1,0,0,1,164.05,"Drama","ScienceFiction"
"woman",61,80.51,37,"A",107.54,0,1,0,0,0,0,55.02,"Thriller","Drama"
"woman",65,77.48,36,"A",10.17,0,1,1,0,0,0,52.69,"ScienceFiction","Thriller"
"woman",21,91.46,42,"B",26.07,0,2,1,0,1,1,377.83,"ScienceFiction","Thriller"
"other",19,48.12,30,"P",80.34,1,1,0,1,0,1,92.09,"RomanticComedy","ScienceFiction"
"man",46,66.64,33,"B",10.98,1,5,1,0,1,1,123.73,"Horror","Drama"
"woman",57,34.89,23,"B",38.09,1,8,0,0,0,1,82.2,"RomanticComedy","Comedy"
"other",48,85.66,41,"B",300,1,8,0,0,0,0,270.59,"Comedy","ScienceFiction"
"woman",70,52.68,36,"B",8.05,0,2,1,0,1,1,31.32,"Comedy","Documentary"
"nonbinary",50,48.62,32,"A",300,1,2,1,0,0,0,416.29,"Drama","ScienceFiction"
"nonbinary",51,44.81,24,"B",75.55,1,2,0,1,0,0,218.33,"Thriller","Drama"
"woman",59,75.26,32,"B",18,1,2,1,0,0,0,51.96,"Comedy","RomanticComedy"
"other",67,96.76,31,"B",26.31,1,1,1,0,0,1,150.19,"Comedy","Horror"
"other",71,92.58,33,"B",300,1,1,0,0,0,0,98.43,"RomanticComedy","Thriller"
"other",27,84.02,58,"B",61.12,1,1,1,0,1,0,410.75,"Comedy","Thriller"
"woman",56,97.87,39,"B",26.96,1,1,0,0,0,1,63.12,"Comedy","Action"
"woman",38,52.54,9,"B",84.85,1,3,0,0,0,1,270.98,"Comedy","Drama"
"other",32,87.88,68,"P",79.81,1,2,0,0,0,0,398.83,"Horror","Thriller"
"other",60,89.53,47,"B",30.53,1,1,0,0,0,0,8.17,"Horror","Documentary"
"woman",61,77.61,57,"A",6.46,1,2,1,1,0,0,98.36,"Comedy","RomanticComedy"
"woman",NA,55.61,31,"A",62.42,0,2,0,0,0,0,314.34,"Drama","Thriller"
"woman",55,48.88,21,"B",34.15,0,4,0,0,0,1,123.01,"ScienceFiction","Comedy"
"woman",48,102.55,23,"P",10.18,0,2,1,0,1,0,18.23,"RomanticComedy","Comedy"
"woman",59,88.43,24,"A",35.27,1,6,1,0,0,1,65.9,"Comedy","Thriller"
"woman",57,67.79,22,"B",15.66,0,1,1,0,0,0,35.42,"Horror","Comedy"
"man",57,92.14,41,"P",5.37,0,1,1,0,0,1,972.18,"Drama","RomanticComedy"
"woman",49,67.6,27,"B",8.78,0,2,0,0,1,0,169.75,"Thriller","RomanticComedy"
"woman",33,84.98,31,"B",11.24,1,8,1,1,0,1,355.02,"Horror","Drama"
"woman",30,63.89,43,"B",62.31,1,3,0,0,1,0,79.63,"Action","Thriller"
"woman",53,81.81,40,"P",3.49,1,1,0,0,0,0,25.86,"ScienceFiction","Thriller"
"man",50,83.71,55,"B",17.22,1,1,1,0,1,0,249.76,"Thriller","RomanticComedy"
"woman",22,NA,49,"B",27.5,1,1,0,1,0,1,31.2,"Drama","Comedy"
"man",52,71.93,21,"B",3.93,1,1,0,0,0,0,136.97,"Drama","Comedy"
"woman",50,35.16,52,"B",15.92,1,8,0,1,0,1,231.14,"Thriller","Comedy"
"woman",20,40.65,45,"A",46.4,1,2,0,0,1,0,66.89,"Comedy","Drama"
"woman",36,94.87,39,"A",80.27,1,3,0,1,0,0,298.18,"Action","Thriller"
"woman",66,71.66,43,"A",19.77,1,2,0,0,0,1,82.25,"Horror","Thriller"
"man",56,75.7,26,"B",7.38,0,3,0,0,0,0,164.73,"Horror","Comedy"
"woman",65,93.73,31,"A",31.97,1,1,0,0,0,1,60.85,"Comedy","Thriller"
"woman",32,63.86,61,"B",4.67,1,2,1,0,0,0,189.83,"Horror","Drama"
"nonbinary",31,64.35,59,"P",157.43,1,2,0,1,1,1,21,"Drama","ScienceFiction"
"nonbinary",57,59.44,44,"P",29.79,1,2,1,0,0,0,493.6,"Thriller","ScienceFiction"
"woman",52,39.19,37,"A",17.71,1,2,1,0,0,1,255.15,"Documentary","RomanticComedy"
"man",68,69.26,41,"P",9.18,0,3,1,0,0,0,50.63,"Comedy","Thriller"
"woman",67,94.67,54,"P",13.76,1,2,0,0,0,1,91.51,"Documentary","Comedy"
"man",35,75.94,18,"A",61.04,1,6,0,0,1,0,97.35,"ScienceFiction","Thriller"
"woman",26,56.45,31,"A",23.98,0,2,0,0,1,1,32.23,"Comedy","Horror"
"man",57,75.77,23,"A",3.72,0,1,0,0,0,1,33.11,"Comedy","Documentary"
"woman",29,88.71,43,"P",20.68,1,1,0,0,1,1,10.55,"Comedy","Documentary"
"woman",41,53.27,43,"B",18.5,1,2,0,0,1,0,700.86,"Action","Comedy"
"woman",33,86.78,38,"P",4.81,0,4,0,0,1,1,115.39,"RomanticComedy","Action"
"woman",23,78.38,41,"B",22.85,0,2,0,0,0,0,107.13,"Thriller","ScienceFiction"
"nonbinary",NA,78.86,34,"A",227.68,1,2,0,0,0,1,200.04,"Comedy","Thriller"
"woman",47,74.64,35,"P",20.69,0,3,0,0,0,0,65.78,"RomanticComedy","ScienceFiction"
"man",30,64.2,40,"B",12.56,0,2,1,1,1,1,100.61,"Comedy","Drama"
"woman",48,71.45,81,"A",17.45,0,1,1,0,0,1,144.38,"Comedy","Drama"
"woman",36,47.91,36,"B",3.57,0,2,0,0,0,1,19.52,"Drama","Comedy"
"man",43,76.03,51,"B",13.23,1,3,1,1,0,1,721.97,"ScienceFiction","Horror"
"woman",51,79.45,58,"B",67.67,1,2,0,0,0,1,63.46,"Comedy","Horror"
"woman",34,82.46,77,"A",29.98,0,1,1,1,0,1,141.75,"Comedy","RomanticComedy"
"woman",69,55.1,49,"B",19.5,1,1,1,0,0,1,278.86,"Comedy","Thriller"
"woman",35,55.14,36,"A",4.29,0,2,1,0,0,0,243.56,"ScienceFiction","Thriller"
"man",32,71.41,34,"A",38.21,1,6,0,0,1,0,48.8,"Comedy","RomanticComedy"
"woman",40,94.38,48,"A",36.66,0,3,0,0,0,0,28.97,"Comedy","Action"
"man",46,90.41,49,"B",27.95,0,2,0,0,1,1,98.4,"RomanticComedy","Comedy"
"woman",67,71.02,39,"B",11.78,1,2,0,1,0,1,258.72,"Thriller","RomanticComedy"
"man",27,46.69,52,"B",26.17,1,1,0,0,1,1,103.26,"Thriller","Comedy"
"woman",47,58.26,41,"A",16.9,1,5,0,0,1,1,328.93,"ScienceFiction","Comedy"
"nonbinary",64,66.56,41,"B",7.22,1,2,1,1,0,0,29.6,"Comedy","Thriller"
"other",34,55.55,32,"B",30.28,1,2,0,0,1,0,159.67,"Documentary","Thriller"
"woman",35,97.97,38,"B",10.66,0,2,0,0,1,1,98.56,"Drama","Thriller"
"woman",63,94.45,42,"P",2.18,1,2,0,0,0,0,96.81,"Thriller","Horror"
"woman",36,76.65,44,"B",15.75,1,1,0,0,0,0,148.03,"Thriller","RomanticComedy"
"woman",33,85.01,35,"P",4.41,0,1,0,1,1,0,312.05,"Documentary","Comedy"
"man",21,73.99,63,"B",10.44,1,6,0,0,0,1,178.67,"ScienceFiction","Documentary"
"woman",56,NA,31,"B",6.88,1,2,0,1,0,1,92.78,"Comedy","Horror"
"other",34,63.58,55,"P",13.53,1,2,1,0,0,0,92.71,"Horror","Thriller"
"woman",57,70.15,30,"B",36.29,1,2,1,0,0,1,66.2,"Thriller","ScienceFiction"
"woman",24,81.42,57,"B",19.54,1,7,1,0,0,0,511.01,"Comedy","Drama"
"nonbinary",60,51.94,32,"P",4.13,1,2,0,0,0,1,98.43,"ScienceFiction","Horror"
"nonbinary",63,41.88,29,"B",12.22,1,2,1,0,0,0,237.46,"Drama","Thriller"
"woman",44,50.34,33,"A",172.49,1,1,0,0,1,1,100.67,"Horror","Comedy"
"woman",48,45.68,38,"B",12.47,1,2,0,0,1,0,54.19,"Thriller","Comedy"
"nonbinary",54,73.63,55,"B",53.11,1,2,1,1,1,0,87.82,"RomanticComedy","Comedy"
"woman",38,84.88,36,"B",12.97,1,2,0,1,0,1,88.13,"Horror","RomanticComedy"
"woman",44,76.87,30,"B",17.87,0,2,1,0,0,1,22.98,"Comedy","Action"
"woman",69,33.62,4,"B",22.9,1,3,0,0,0,0,74.85,"Drama","Comedy"
"woman",21,63.4,22,"A",17.16,1,2,1,0,0,0,151.7,"Thriller","RomanticComedy"
"woman",61,67.23,46,"A",6.51,0,3,0,0,0,1,45.91,"Thriller","RomanticComedy"
"woman",31,89.67,12,"B",105.18,1,3,0,1,0,0,77.94,"Comedy","Drama"
"woman",43,93.86,31,"B",14.6,1,2,0,0,0,0,238.58,"Drama","Comedy"
"man",55,84.63,42,"A",5.49,1,2,0,0,0,1,75.7,"Thriller","Action"
"woman",28,78.72,44,"B",4.57,1,7,1,0,1,0,118.81,"Drama","ScienceFiction"
"woman",49,74.06,20,"A",70.34,1,5,1,0,0,0,253.58,"Comedy","Documentary"
"woman",32,81.45,55,"B",13.13,1,6,0,0,0,1,21.15,"ScienceFiction","RomanticComedy"
"man",25,63.22,44,"A",5.75,1,3,0,0,0,0,52.44,"ScienceFiction","Comedy"
"nonbinary",45,81.81,33,"A",11.67,1,3,0,0,1,1,1388.78,"RomanticComedy","Comedy"
"woman",28,46.2,4,"P",1.65,1,2,1,1,1,1,142.1,"Comedy","Thriller"
"nonbinary",58,96.12,30,"B",41.75,1,3,0,1,1,0,86.12,"Drama","Thriller"
"woman",46,73.98,10,"B",7.87,0,2,0,0,1,1,94.54,"Drama","Thriller"
"woman",NA,101.89,40,"P",89.23,1,2,0,0,0,1,118.28,"ScienceFiction","Drama"
"woman",50,69.14,58,"B",3.63,1,1,1,1,0,1,27.37,"RomanticComedy","Action"
"woman",60,48.58,28,"P",15.78,1,1,1,0,0,1,452.23,"Comedy","ScienceFiction"
"woman",59,70.87,32,"P",10.5,0,2,0,0,0,0,252.77,"Comedy","Thriller"
"woman",34,67.96,44,"P",15.77,0,2,0,0,0,0,72.59,"RomanticComedy","Horror"
"man",46,52.31,44,"B",37.02,1,5,0,1,0,1,59.91,"RomanticComedy","Thriller"
"woman",27,66.02,34,"B",10.02,0,2,0,0,0,1,68.21,"Comedy","Drama"
"nonbinary",61,71.22,27,"B",6.57,1,1,1,0,0,1,261.42,"Documentary","Comedy"
"woman",31,65.7,50,"B",9.29,1,1,0,1,0,1,257.67,"ScienceFiction","Thriller"
"man",61,68.74,46,"P",37.19,1,2,1,0,0,0,22.38,"Drama","RomanticComedy"
"nonbinary",61,76.33,20,"B",23.47,1,2,1,0,0,1,110.36,"Documentary","Horror"
"woman",21,32.53,48,"B",14.9,0,1,1,0,0,1,188.9,"Comedy","Horror"
"man",44,108.72,52,"B",41.62,1,2,0,0,0,0,138.36,"Drama","Thriller"
"woman",25,71.46,32,"B",21.97,1,2,0,0,0,1,304.39,"Action","Horror"
"woman",47,78.19,26,"B",222.51,0,2,0,1,0,0,807.22,"Comedy","ScienceFiction"
"woman",35,57.82,53,"B",6.64,0,2,1,0,0,0,240.79,"Horror","RomanticComedy"
"nonbinary",26,59.77,44,"B",1.94,0,2,0,0,0,0,487.48,"Comedy","RomanticComedy"
"woman",26,52.26,32,"A",235.24,1,1,0,0,1,1,148.26,"Comedy","Documentary"
"woman",23,69.62,40,"B",18.23,0,3,1,0,0,0,77.84,"Thriller","Drama"
"woman",39,63.53,1,"B",5.39,0,2,0,1,1,1,1691.17,"Comedy","Drama"
"woman",63,82.12,17,"B",22.73,0,2,0,1,0,1,146.19,"Thriller","Action"
"man",57,69.34,57,"B",59.94,1,1,0,0,0,1,87.58,"Drama","Comedy"
"other",52,92.05,50,"P",144.12,0,1,0,0,1,1,86.55,"Drama","Comedy"
"woman",22,75.63,34,"A",33.3,0,3,0,0,1,1,98.84,"Thriller","Horror"
"woman",68,62.14,13,"P",0.59,0,2,0,0,0,0,237.83,"Comedy","ScienceFiction"
"woman",26,74.33,44,"B",87.02,1,8,0,0,1,1,64.29,"Horror","Comedy"
"man",63,68.32,24,"B",50.69,1,3,1,0,0,0,68.63,"Horror","ScienceFiction"
"woman",22,89.88,47,"P",164.01,1,1,1,1,1,1,164.71,"Drama","ScienceFiction"
"woman",28,31.99,78,"B",10.51,1,2,1,1,0,0,175.55,"RomanticComedy","ScienceFiction"
"woman",31,83.4,23,"A",18.89,0,5,1,0,1,0,122.14,"Comedy","Thriller"
"woman",29,51.23,49,"A",5.6,1,7,0,1,1,0,300.02,"Drama","Comedy"
"woman",70,62.93,39,"B",34.01,1,3,0,0,1,1,112.77,"Documentary","Horror"
"woman",45,55.68,39,"B",28.14,1,3,0,0,0,0,162.25,"Comedy","Drama"
"woman",57,63.62,27,"A",6.45,0,2,0,0,0,1,35.7,"ScienceFiction","Action"
"woman",28,65.28,53,"A",104.58,0,1,0,0,1,1,93.6,"Comedy","ScienceFiction"
"woman",57,90.81,62,"B",32.93,0,3,0,0,0,1,67.03,"Comedy","ScienceFiction"
"woman",51,82.37,39,"A",31.52,0,3,0,0,0,1,129.93,"Documentary","Comedy"
"woman",71,54.97,38,"A",4.07,0,1,1,1,0,1,182.27,"ScienceFiction","Horror"
"woman",67,55.92,21,"B",12.93,1,1,0,0,0,0,146.11,"Comedy","ScienceFiction"
"woman",38,58.2,51,"B",7.56,1,5,0,0,1,1,990.23,"Action","Thriller"
"woman",70,69.91,63,"A",46.68,0,2,1,1,0,1,384.93,"ScienceFiction","RomanticComedy"
"woman",31,69.1,23,"B",29.32,1,1,1,0,0,0,346.8,"Thriller","ScienceFiction"
"man",24,71.23,28,"B",36.54,1,1,0,1,1,1,187.99,"Comedy","Action"
"woman",21,64.65,49,"P",88.81,0,2,1,1,1,1,305.97,"Thriller","ScienceFiction"
"man",30,90.11,56,"B",43.02,1,1,1,1,0,0,560.11,"Drama","RomanticComedy"
"other",49,98.72,41,"P",6.09,1,4,1,1,0,1,155.33,"RomanticComedy","Action"
"woman",29,70.73,20,"B",19.37,1,2,0,0,0,1,131.34,"Comedy","Thriller"
"woman",70,84.02,55,"B",5.16,1,4,1,0,0,1,215.5,"Action","ScienceFiction"
"nonbinary",47,66.55,29,"B",17.06,0,2,1,0,0,0,63.96,"Comedy","RomanticComedy"
"man",28,76.48,29,"B",6.26,0,2,0,0,0,0,53.92,"Comedy","RomanticComedy"
"woman",51,56.75,35,"B",9.71,1,1,0,0,0,1,20.33,"ScienceFiction","Comedy"
"woman",45,30.07,31,"P",1.44,1,1,0,0,1,1,53.69,"Drama","Horror"
"woman",47,97.58,30,"P",17.22,0,6,0,0,0,0,14.97,"Documentary","Comedy"
"woman",53,38.35,48,"P",300,1,2,0,0,0,1,332.6,"Thriller","ScienceFiction"
"woman",39,68.1,30,"P",8.47,0,7,1,1,1,1,72.04,"Comedy","Horror"
"man",44,84.05,50,"A",7.63,0,2,1,0,0,1,126.74,"ScienceFiction","RomanticComedy"
"woman",32,NA,40,"A",19.69,0,8,0,0,0,1,128.56,"RomanticComedy","Comedy"
"woman",66,84.03,29,"B",13.4,0,1,1,0,0,0,36.14,"Thriller","Comedy"
"woman",46,51.46,36,"B",66.6,1,2,0,0,0,1,46.12,"Comedy","Thriller"
"woman",69,75.09,38,"B",15.69,1,1,0,1,1,0,402.98,"Thriller","Documentary"
"woman",46,70.43,69,"B",8.67,1,1,0,1,1,1,471.98,"ScienceFiction","Comedy"
"woman",55,78.8,3,"A",142.35,0,1,0,1,1,0,69.73,"Documentary","RomanticComedy"
"man",41,81.87,38,"P",3.32,1,2,0,0,0,1,935.84,"ScienceFiction","Comedy"
"nonbinary",67,67.18,31,"P",19.09,1,1,0,0,0,1,135.77,"ScienceFiction","RomanticComedy"
"woman",28,68.89,33,"P",13.41,0,2,1,0,1,1,265.69,"Horror","Thriller"
"nonbinary",33,63.71,66,"A",33.87,0,6,0,0,0,0,273.63,"Comedy","Thriller"
"woman",49,81.93,57,"A",13.99,0,3,1,0,0,1,122.8,"Thriller","Drama"
"woman",30,55.92,14,"P",25.14,1,2,0,0,1,1,216.5,"ScienceFiction","Comedy"
"woman",26,75.68,58,"B",15.55,0,1,0,0,0,1,99.68,"Drama","ScienceFiction"
"woman",50,57.37,45,"A",56.62,0,2,0,0,0,0,73.07,"Action","Comedy"
"woman",57,64.75,39,"B",12.16,1,4,0,0,0,1,173.27,"Drama","Thriller"
"man",67,42.5,37,"A",135.93,0,2,0,1,1,1,283.4,"Thriller","Comedy"
"woman",47,57.75,47,"P",32.6,1,1,0,1,0,0,164.16,"Comedy","Drama"
"woman",51,69.38,25,"A",206.06,1,2,0,0,1,1,356.3,"Horror","Thriller"
"woman",28,75.46,15,"P",1.99,1,2,0,0,0,0,59.31,"Horror","RomanticComedy"
"woman",36,77.99,30,"P",42.99,0,1,0,0,0,0,21.54,"ScienceFiction","Thriller"
"woman",20,51.45,55,"B",24.81,0,2,0,0,0,0,276.21,"Thriller","Horror"
"woman",38,87.06,34,"A",38.25,0,2,0,0,1,0,287.03,"Comedy","Documentary"
"woman",18,69.33,27,"B",87.3,1,6,1,0,0,0,235.39,"Thriller","Horror"
"nonbinary",27,71.94,1,"B",154.73,0,3,1,1,0,1,21.96,"Comedy","Drama"
"woman",38,56.06,53,"P",11.16,1,2,0,1,0,1,69.85,"Horror","Action"
"woman",46,77.05,38,"B",14.91,1,3,0,0,1,1,152.17,"Horror","Thriller"
"woman",58,81.78,49,"B",28.08,1,2,1,0,0,1,111.13,"Thriller","Comedy"
"woman",31,75.48,50,"P",15.8,1,2,0,0,0,0,75.48,"Thriller","Comedy"
"woman",56,73.73,34,"A",41.94,1,2,1,0,0,0,239.92,"Comedy","Thriller"
"woman",NA,72.82,49,"B",4.59,0,2,1,0,0,1,84.08,"RomanticComedy","Comedy"
"woman",40,74.9,29,"A",51.55,1,6,1,0,1,1,227.05,"Documentary","Comedy"
"woman",38,48.21,35,"B",300,1,2,0,1,0,1,170.07,"Comedy","RomanticComedy"
"woman",22,67.67,38,"A",27.19,0,1,1,1,0,0,110.1,"Comedy","Drama"
"woman",53,42.95,51,"B",24.55,1,2,1,0,1,1,19.82,"RomanticComedy","ScienceFiction"
"woman",64,72.39,49,"B",45.41,0,3,1,0,0,1,156.14,"Horror","Comedy"
"woman",51,72.88,36,"B",25,1,3,0,1,1,0,118.39,"Comedy","Horror"
"woman",45,89.49,50,"P",17.79,0,1,1,0,0,1,69.52,"RomanticComedy","ScienceFiction"
"woman",42,93.97,44,"B",8.74,0,1,0,0,1,0,217.82,"Thriller","Comedy"
"nonbinary",27,73.21,39,"P",21.11,0,3,1,0,0,1,137.39,"Horror","RomanticComedy"
"woman",62,58.91,41,"A",28.46,0,1,0,1,0,0,282.66,"ScienceFiction","Thriller"
"woman",45,78.82,51,"P",13.98,1,2,0,1,0,1,866.67,"Comedy","Drama"
"other",68,76.13,37,"P",23.6,1,3,0,0,1,1,37.84,"Comedy","Action"
"woman",NA,NA,68,"B",10,1,2,1,0,1,0,60.94,"Comedy","Horror"
"woman",35,76.08,35,"A",24.93,0,2,0,1,0,1,86.73,"Thriller","Horror"
"woman",32,25.52,52,"A",78.49,1,2,0,0,1,0,213.91,"Comedy","Thriller"
"woman",44,46.53,35,"B",23.47,0,1,0,0,1,0,1566.95,"ScienceFiction","Drama"
"man",63,74.94,44,"A",22.22,1,1,0,0,0,0,230.6,"Drama","RomanticComedy"
"man",21,63.51,41,"B",37.54,1,1,1,0,0,0,165.38,"Horror","RomanticComedy"
"woman",48,74.49,50,"A",19.73,1,2,0,0,0,1,163.64,"Action","Drama"
"woman",31,72.22,31,"B",9.21,1,6,1,0,0,0,241.87,"Comedy","Horror"
"woman",68,47.53,23,"B",4.81,1,3,0,1,0,0,41.86,"Thriller","Comedy"
"woman",58,54.9,58,"B",6.17,1,1,0,1,0,1,353.36,"Comedy","Drama"
"woman",69,NA,53,"B",11.57,0,2,1,1,0,1,391.91,"Comedy","ScienceFiction"
"woman",53,71,48,"B",21.02,1,2,0,1,0,1,47.64,"Horror","RomanticComedy"
"woman",50,60.99,44,"A",5.55,0,3,0,0,1,1,156.62,"Drama","Comedy"
"man",60,74.88,37,"B",31.71,0,3,0,0,0,0,75.95,"Comedy","Thriller"
"nonbinary",53,NA,35,"B",12.46,0,6,1,0,0,0,37.67,"ScienceFiction","Comedy"
"woman",42,23.05,41,"P",130.8,0,3,1,0,0,0,65.96,"Documentary","Drama"
"woman",20,52.05,1,"P",9.36,1,2,1,0,0,1,113.91,"Thriller","ScienceFiction"
"woman",47,84.46,55,"A",4.12,0,2,0,1,1,0,83.93,"Horror","Thriller"
"nonbinary",55,52.72,28,"P",14.87,0,2,1,0,0,0,281.2,"RomanticComedy","ScienceFiction"
"woman",22,83.12,30,"A",30.31,1,4,0,1,0,1,98.26,"RomanticComedy","Comedy"
"woman",26,85.32,45,"B",9.52,0,7,1,0,0,1,341.34,"RomanticComedy","Thriller"
"woman",44,64.74,39,"A",3.22,1,6,1,0,1,0,126.19,"Comedy","Drama"
"woman",56,68.22,18,"B",54.45,0,2,1,0,0,0,30.37,"Comedy","Horror"
"woman",28,67.16,62,"B",14.08,0,4,1,0,0,0,179.35,"Comedy","Horror"
"woman",19,60.22,20,"A",92.76,1,1,0,1,0,0,125.93,"Drama","Comedy"
"nonbinary",50,76.14,66,"P",16.36,0,5,0,0,0,1,71.77,"Comedy","Horror"
"woman",64,70.05,40,"P",24.13,0,2,0,0,0,1,139.6,"Comedy","Thriller"
"woman",57,78.26,24,"B",19.25,0,3,0,0,0,1,135.04,"Horror","Drama"
"woman",66,79.98,36,"B",5.27,0,3,0,1,0,0,340.27,"ScienceFiction","Documentary"
"woman",28,33.07,22,"B",11.39,1,3,0,1,0,0,200,"Comedy","Action"
"woman",68,64.78,6,"B",27.3,0,3,0,0,0,1,399.25,"ScienceFiction","Drama"
"woman",32,79.3,50,"P",12.16,1,1,0,0,0,1,714.66,"ScienceFiction","Thriller"
"woman",61,52.5,64,"P",39.89,0,2,0,0,0,0,59.86,"ScienceFiction","Documentary"
"woman",50,40.35,44,"B",128.02,1,6,0,0,0,0,130.79,"RomanticComedy","Documentary"
"woman",20,76.6,33,"B",47.03,0,3,1,1,0,1,32.23,"Documentary","RomanticComedy"
"man",20,52.09,44,"B",60.75,0,2,0,0,1,0,441.18,"ScienceFiction","Drama"
"woman",49,62.57,38,"P",195.52,1,3,0,0,0,1,78.79,"Action","Comedy"
"woman",27,86.93,43,"B",13.3,1,3,0,0,1,1,207.51,"ScienceFiction","RomanticComedy"
"nonbinary",40,87.85,13,"A",81.64,1,2,1,1,0,0,251.53,"Drama","Thriller"
"woman",47,73.96,50,"A",3.46,1,5,1,0,0,1,14.89,"Thriller","Comedy"
"woman",50,76.44,37,"B",31.31,1,1,1,1,0,0,70.7,"Thriller","Comedy"
"man",55,93.66,53,"B",35.47,0,2,0,0,0,1,22.81,"Comedy","RomanticComedy"
"man",66,75,26,"P",64.75,1,6,1,0,1,0,44.32,"Documentary","Horror"
"woman",55,87.02,49,"A",7.5,1,1,1,0,0,0,83.82,"Comedy","Thriller"
"woman",54,76.36,48,"B",58.63,0,1,0,1,0,0,712.19,"Comedy","ScienceFiction"
"woman",41,82.41,13,"P",33.41,1,8,0,0,1,1,118.4,"Thriller","Comedy"
"other",20,50.55,25,"A",62.01,1,2,1,1,0,0,346.12,"RomanticComedy","Comedy"
"man",31,84.36,47,"B",21.43,0,2,1,0,0,0,119.48,"Comedy","Drama"
"man",45,53.41,56,"P",156.74,1,2,0,0,1,1,1893.3,"RomanticComedy","Comedy"
"nonbinary",54,60.62,61,"A",6.96,1,2,0,1,1,1,23.15,"Thriller","Drama"
"woman",29,56.26,34,"P",25.93,1,3,0,1,0,1,36.74,"Comedy","Drama"
"man",53,95.06,62,"P",25.43,1,2,1,0,0,0,125.92,"ScienceFiction","Comedy"
"woman",61,62.85,63,"A",2.14,1,7,0,0,0,1,20.36,"Horror","RomanticComedy"
"woman",66,47.43,39,"B",217.48,1,3,1,0,0,0,200.81,"Comedy","Drama"
"woman",32,86.28,20,"B",5.32,0,4,1,0,1,1,145.67,"Drama","Comedy"
"woman",46,73.1,35,"B",39.27,0,7,1,0,1,1,118.22,"Thriller","Drama"
"man",30,55.78,64,"P",16.7,0,3,0,1,0,0,70.29,"Thriller","Comedy"
"woman",67,82.96,19,"B",5.35,1,1,0,0,1,1,285.44,"Comedy","Thriller"
"nonbinary",57,68.08,21,"B",36.37,0,2,0,0,0,0,42.86,"ScienceFiction","Horror"
"woman",29,74.94,41,"B",35.54,1,3,0,0,1,0,234.9,"ScienceFiction","Comedy"
"man",40,77.63,42,"B",21.08,0,2,1,0,0,0,137.5,"Documentary","Drama"
"woman",39,82.37,53,"A",9.92,0,1,0,0,0,0,52.28,"RomanticComedy","Drama"
"woman",63,76.07,43,"B",60.35,1,3,0,0,1,0,440.22,"Thriller","Horror"
"woman",55,75.8,23,"B",16.19,0,1,0,0,0,0,10.2,"ScienceFiction","Comedy"
"woman",23,85.91,41,"B",18.54,1,8,1,0,0,1,716.31,"Comedy","Drama"
"woman",25,41.41,40,"B",20.11,1,1,0,0,1,1,64.77,"Drama","Comedy"
"man",60,85.4,38,"B",9.62,1,6,1,1,1,0,150.74,"ScienceFiction","Comedy"
"woman",53,69.56,33,"P",20.48,1,2,0,0,0,0,55.61,"Horror","Thriller"
"woman",24,76.16,34,"B",13.51,0,2,0,0,1,0,116.4,"RomanticComedy","Thriller"
"woman",41,91.78,35,"B",1.6,1,2,1,0,1,1,119.26,"ScienceFiction","Comedy"
"woman",56,85.76,33,"P",17.1,0,4,0,0,0,1,123.91,"Comedy","Thriller"
"woman",64,83.33,34,"B",39.42,0,6,0,1,0,1,42.22,"Comedy","Thriller"
"woman",37,89.49,43,"B",14.88,0,1,0,0,0,1,186.98,"RomanticComedy","Thriller"
"woman",66,66.43,38,"B",15.07,0,2,0,0,0,0,25.92,"Thriller","Comedy"
"woman",26,63.18,28,"B",66.55,1,2,0,1,1,1,62.91,"Comedy","RomanticComedy"
"man",52,48.9,56,"B",49.45,1,3,0,0,1,1,124.19,"RomanticComedy","Drama"
"woman",19,59.56,37,"B",18.29,1,1,0,0,0,0,111.2,"Drama","Thriller"
"woman",40,69.07,71,"P",123.41,0,2,1,0,1,0,226.29,"Documentary","Comedy"
"woman",70,66.98,32,"B",20.75,1,2,0,1,0,1,26.28,"Comedy","Drama"
"woman",43,56.5,45,"P",7.69,1,2,0,1,0,1,285.85,"Comedy","ScienceFiction"
"woman",48,57.63,37,"B",37.28,1,3,1,0,0,0,53.84,"ScienceFiction","Thriller"
"other",66,57.25,25,"B",18.42,1,3,1,1,1,0,492.25,"ScienceFiction","Comedy"
"woman",25,45.16,22,"P",9.43,1,2,0,0,1,1,155.69,"Thriller","Comedy"
"woman",31,68.88,82,"B",18.32,1,3,1,0,1,1,95.28,"Action","Thriller"
"woman",38,66.13,16,"A",74.7,1,6,0,1,0,0,126.41,"Comedy","Documentary"
"woman",41,54.12,44,"B",6.16,1,2,0,0,0,1,16.48,"Comedy","Drama"
"other",24,68.68,47,"A",2.33,1,1,1,0,0,1,24.18,"Comedy","Horror"
"woman",27,69.86,8,"P",20.76,1,3,0,0,0,1,16.4,"Drama","Comedy"
"woman",48,85.18,34,"P",16.87,1,2,0,0,1,0,340.88,"Drama","Comedy"
"woman",33,98.35,61,"B",26.37,0,7,1,0,1,1,90.76,"Comedy","ScienceFiction"
"nonbinary",51,82.76,23,"P",3.29,1,3,1,0,0,0,52.72,"Comedy","RomanticComedy"
"man",32,79,49,"B",16.42,1,2,0,0,1,1,345.14,"Comedy","Action"
"woman",63,103.07,33,"B",32.61,1,1,1,0,0,0,302.16,"Thriller","ScienceFiction"
"woman",59,49.58,61,"B",31.19,0,2,0,1,1,0,35.25,"RomanticComedy","ScienceFiction"
"woman",33,82.16,55,"B",28.02,1,8,1,0,0,0,30.67,"RomanticComedy","Documentary"
"man",23,73.11,26,"A",85.18,1,2,0,1,0,0,26.48,"ScienceFiction","Drama"
"woman",18,56.15,22,"B",69.11,1,3,1,1,0,0,29.92,"Drama","RomanticComedy"
"woman",50,50.28,32,"P",9.8,0,2,1,0,0,0,180.37,"Drama","Action"
"woman",42,61.46,12,"B",76.61,0,3,0,0,0,1,88.2,"RomanticComedy","Thriller"
"woman",21,45.43,42,"B",1.6,1,2,0,0,0,1,191.54,"Documentary","ScienceFiction"
"woman",66,76.94,48,"A",4.84,1,2,1,0,0,1,31.03,"Action","Thriller"
"woman",20,82.05,37,"B",7.43,0,2,0,0,0,1,71.36,"Drama","Action"
"woman",54,61.22,38,"B",39.74,0,3,1,0,0,1,99.38,"ScienceFiction","Comedy"
"woman",27,54.4,22,"B",21.15,0,2,0,0,1,0,67.25,"RomanticComedy","Thriller"
"woman",66,60.35,27,"P",9.25,0,3,0,0,0,1,161.42,"Comedy","Thriller"
"woman",19,86.65,33,"B",49.45,0,1,0,0,1,0,380.17,"Comedy","ScienceFiction"
"nonbinary",61,66.54,51,"B",11.27,1,2,1,1,0,0,210.5,"Thriller","ScienceFiction"
"woman",19,65.31,73,"P",9.4,1,2,0,0,0,1,172.46,"Thriller","Action"
"woman",27,78.34,19,"A",5.71,1,2,0,1,1,1,185.01,"Horror","Drama"
"woman",56,73.55,32,"B",66.17,0,1,0,0,0,1,67.2,"Documentary","Thriller"
"man",70,85.53,42,"B",17.55,0,7,0,0,0,1,19.58,"Documentary","Comedy"
"woman",61,72.87,52,"A",28.1,1,5,1,1,0,1,682.45,"Thriller","Horror"
"woman",20,96.62,37,"B",11.98,0,4,0,0,1,1,135.75,"Comedy","Thriller"
"woman",61,97.59,54,"B",38.45,0,1,1,1,0,1,102.78,"Documentary","ScienceFiction"
"woman",30,80,25,"B",17.38,1,5,0,1,0,1,173.12,"Drama","Horror"
"man",30,81.94,44,"P",15.73,0,2,0,0,1,1,38.81,"Drama","Comedy"
"nonbinary",45,71.73,39,"P",3.95,0,2,0,0,0,0,951.07,"Thriller","Comedy"
"woman",27,45.06,33,"B",60.56,1,7,0,1,0,1,351.54,"Thriller","Drama"
"woman",62,75.53,36,"B",4.12,0,3,0,0,0,0,46.23,"ScienceFiction","Horror"
"woman",25,49.33,29,"B",9.9,0,1,1,0,0,0,49.43,"Comedy","Horror"
"woman",37,113.14,52,"P",53.52,0,1,0,0,1,0,39.24,"Comedy","ScienceFiction"
"woman",32,56.88,51,"P",91.34,0,3,0,0,0,1,16.51,"Thriller","Action"
"woman",21,75.27,30,"B",3.17,0,1,1,0,0,1,68.87,"Thriller","Comedy"
"nonbinary",44,86.17,40,"B",34.66,1,2,0,0,0,0,61.65,"Comedy","Thriller"
"woman",53,52.65,41,"B",15.3,1,1,1,0,0,0,313.62,"Comedy","Drama"
"woman",70,NA,69,"B",66.18,0,5,1,0,1,0,1014.72,"Thriller","Comedy"
"woman",61,61.48,36,"A",119.28,0,5,0,0,0,0,154.14,"Drama","Comedy"
"man",71,44.3,44,"P",8.12,0,3,1,1,0,1,2669.49,"Thriller","RomanticComedy"
"woman",18,48.96,52,"P",5.86,1,2,1,0,0,0,10.55,"Comedy","Horror"
"woman",45,68.82,50,"P",18.54,1,1,0,0,0,0,234.48,"Thriller","Comedy"
"man",49,27.01,50,"P",23.16,0,3,1,0,0,1,52.01,"Thriller","ScienceFiction"
"woman",26,89.19,28,"B",13.88,0,2,0,0,0,1,135.29,"Comedy","Drama"
"woman",49,66.44,47,"B",53.85,1,6,0,1,0,1,62.19,"Drama","Thriller"
"woman",28,117.42,21,"B",38.85,1,3,0,1,0,0,167.5,"Horror","Comedy"
"man",58,96.86,30,"P",19.46,0,2,0,0,1,0,427.4,"Horror","Comedy"
"man",62,66.07,27,"P",36.24,1,1,1,0,0,0,89.08,"Comedy","Horror"
"man",20,80.66,56,"B",17.9,1,2,0,0,1,0,315.35,"Horror","Comedy"
"woman",39,68.13,38,"B",11.89,0,1,1,0,0,0,372.07,"Thriller","Comedy"
"woman",33,114.91,21,"B",91.87,1,2,0,0,0,1,998.46,"Comedy","Drama"
"man",NA,75.86,38,"B",74.82,1,2,1,1,0,1,152.61,"Comedy","Action"
"woman",66,74.8,23,"B",17.04,1,3,0,1,0,1,194.38,"Drama","Thriller"
"woman",18,59.45,28,"B",18.62,0,2,0,0,0,1,13.64,"Comedy","Thriller"
"other",30,70.06,51,"P",47.04,0,3,0,0,0,1,382.2,"ScienceFiction","Thriller"
"nonbinary",63,55.74,25,"A",9.85,1,1,0,0,0,1,77.55,"Comedy","RomanticComedy"
"woman",32,77.94,30,"A",9.94,0,2,0,0,0,0,458.57,"Documentary","Comedy"
"woman",34,76.04,15,"B",9.67,0,3,0,0,0,0,97.68,"Action","RomanticComedy"
"man",43,63.41,38,"B",6.78,1,2,1,1,0,0,200.08,"Comedy","Horror"
"woman",41,76.12,68,"B",4.99,1,3,1,1,0,1,118.65,"Documentary","Horror"
"woman",39,65.91,32,"P",83.46,0,2,1,0,0,1,73.08,"Documentary","Thriller"
"woman",20,78.19,41,"B",102.43,0,2,1,0,0,0,65.69,"Thriller","Comedy"
"nonbinary",34,80.57,48,"B",75.48,1,1,0,1,1,0,405.15,"Comedy","Drama"
"man",57,50.59,38,"P",14.03,1,2,1,0,1,0,80.49,"Comedy","RomanticComedy"
"woman",55,64.86,29,"A",21.27,1,3,1,0,1,1,33.1,"ScienceFiction","RomanticComedy"
"woman",39,78.56,42,"B",23.9,1,2,0,0,0,0,57.81,"Horror","Action"
"woman",69,47.45,47,"P",6.15,0,1,0,0,0,0,87.34,"RomanticComedy","Horror"
"woman",39,86.32,32,"B",47.53,1,3,1,0,0,1,16.68,"Thriller","Horror"
"man",67,53.42,39,"P",1.66,1,2,1,0,0,1,76.29,"Comedy","Horror"
"woman",38,48.65,28,"B",5.32,1,4,1,0,0,0,40.03,"Thriller","Drama"
"woman",22,78.78,21,"B",33.06,1,3,1,0,1,1,510.97,"Drama","ScienceFiction"
"woman",23,84.28,13,"P",50.6,1,2,0,1,0,0,491.85,"Comedy","ScienceFiction"
"woman",37,69.35,40,"B",1.69,1,1,1,1,1,0,69.91,"Comedy","Thriller"
"woman",35,79.99,67,"B",89.9,0,3,0,0,1,1,82.04,"Comedy","Drama"
"woman",25,56.19,45,"B",81.8,1,5,0,0,0,0,149.71,"Thriller","Horror"
"woman",63,79.48,41,"B",12.88,0,2,1,1,0,0,220.1,"Comedy","Horror"
"other",53,64,38,"B",37.42,0,2,1,0,1,0,49.08,"Thriller","Comedy"
"woman",52,50.75,78,"B",10.73,0,5,1,1,1,0,21.7,"Thriller","Horror"
